image_name,x1,y1,x2,y2,class,category,confidence,stock_level,image_width,image_height
shelf_full_beverages_001.jpg,100,170,180,270,product,beverages,1.0,full,1024,768
shelf_full_beverages_001.jpg,240,170,320,270,product,beverages,1.0,full,1024,768
shelf_full_beverages_001.jpg,380,170,460,270,product,beverages,1.0,full,1024,768
shelf_full_beverages_001.jpg,520,170,600,270,product,beverages,1.0,full,1024,768
shelf_full_beverages_001.jpg,660,170,740,270,product,beverages,1.0,full,1024,768
shelf_full_beverages_001.jpg,800,170,880,270,product,beverages,1.0,full,1024,768
shelf_full_beverages_001.jpg,100,280,180,380,product,beverages,1.0,full,1024,768
shelf_full_beverages_001.jpg,240,280,320,380,product,beverages,1.0,full,1024,768
shelf_full_beverages_001.jpg,380,280,460,380,product,beverages,1.0,full,1024,768
shelf_full_beverages_001.jpg,520,280,600,380,product,beverages,1.0,full,1024,768
shelf_full_beverages_001.jpg,660,280,740,380,product,beverages,1.0,full,1024,768
shelf_full_beverages_001.jpg,800,280,880,380,product,beverages,1.0,full,1024,768
shelf_full_beverages_001.jpg,100,390,180,490,product,beverages,1.0,full,1024,768
shelf_full_beverages_001.jpg,240,390,320,490,product,beverages,1.0,full,1024,768
shelf_full_beverages_001.jpg,380,390,460,490,product,beverages,1.0,full,1024,768
shelf_full_beverages_001.jpg,520,390,600,490,product,beverages,1.0,full,1024,768
shelf_full_beverages_001.jpg,660,390,740,490,product,beverages,1.0,full,1024,768
shelf_full_beverages_001.jpg,800,390,880,490,product,beverages,1.0,full,1024,768
shelf_full_beverages_001.jpg,100,500,180,600,product,beverages,1.0,full,1024,768
shelf_full_beverages_001.jpg,240,500,320,600,product,beverages,1.0,full,1024,768
shelf_full_beverages_001.jpg,380,500,460,600,product,beverages,1.0,full,1024,768
shelf_full_beverages_002.jpg,100,170,180,270,product,beverages,1.0,full,1024,768
shelf_full_beverages_002.jpg,240,170,320,270,product,beverages,1.0,full,1024,768
shelf_full_beverages_002.jpg,380,170,460,270,product,beverages,1.0,full,1024,768
shelf_full_beverages_002.jpg,520,170,600,270,product,beverages,1.0,full,1024,768
shelf_full_beverages_002.jpg,660,170,740,270,product,beverages,1.0,full,1024,768
shelf_full_beverages_002.jpg,800,170,880,270,product,beverages,1.0,full,1024,768
shelf_full_beverages_002.jpg,100,280,180,380,product,beverages,1.0,full,1024,768
shelf_full_beverages_002.jpg,240,280,320,380,product,beverages,1.0,full,1024,768
shelf_full_beverages_002.jpg,380,280,460,380,product,beverages,1.0,full,1024,768
shelf_full_beverages_002.jpg,520,280,600,380,product,beverages,1.0,full,1024,768
shelf_full_beverages_002.jpg,660,280,740,380,product,beverages,1.0,full,1024,768
shelf_full_beverages_002.jpg,800,280,880,380,product,beverages,1.0,full,1024,768
shelf_full_beverages_002.jpg,100,390,180,490,product,beverages,1.0,full,1024,768
shelf_full_beverages_002.jpg,240,390,320,490,product,beverages,1.0,full,1024,768
shelf_full_beverages_002.jpg,380,390,460,490,product,beverages,1.0,full,1024,768
shelf_full_beverages_002.jpg,520,390,600,490,product,beverages,1.0,full,1024,768
shelf_full_beverages_002.jpg,660,390,740,490,product,beverages,1.0,full,1024,768
shelf_full_beverages_002.jpg,800,390,880,490,product,beverages,1.0,full,1024,768
shelf_full_beverages_002.jpg,100,500,180,600,product,beverages,1.0,full,1024,768
shelf_full_beverages_002.jpg,240,500,320,600,product,beverages,1.0,full,1024,768
shelf_full_beverages_002.jpg,380,500,460,600,product,beverages,1.0,full,1024,768
shelf_full_beverages_002.jpg,520,500,600,600,product,beverages,1.0,full,1024,768
shelf_full_beverages_002.jpg,660,500,740,600,product,beverages,1.0,full,1024,768
shelf_full_beverages_002.jpg,800,500,880,600,product,beverages,1.0,full,1024,768
shelf_full_beverages_003.jpg,100,170,180,270,product,beverages,1.0,full,1024,768
shelf_full_beverages_003.jpg,240,170,320,270,product,beverages,1.0,full,1024,768
shelf_full_beverages_003.jpg,380,170,460,270,product,beverages,1.0,full,1024,768
shelf_full_beverages_003.jpg,520,170,600,270,product,beverages,1.0,full,1024,768
shelf_full_beverages_003.jpg,660,170,740,270,product,beverages,1.0,full,1024,768
shelf_full_beverages_003.jpg,800,170,880,270,product,beverages,1.0,full,1024,768
shelf_full_beverages_003.jpg,100,280,180,380,product,beverages,1.0,full,1024,768
shelf_full_beverages_003.jpg,240,280,320,380,product,beverages,1.0,full,1024,768
shelf_full_beverages_003.jpg,380,280,460,380,product,beverages,1.0,full,1024,768
shelf_full_beverages_003.jpg,520,280,600,380,product,beverages,1.0,full,1024,768
shelf_full_beverages_003.jpg,660,280,740,380,product,beverages,1.0,full,1024,768
shelf_full_beverages_003.jpg,800,280,880,380,product,beverages,1.0,full,1024,768
shelf_full_beverages_003.jpg,100,390,180,490,product,beverages,1.0,full,1024,768
shelf_full_beverages_003.jpg,240,390,320,490,product,beverages,1.0,full,1024,768
shelf_full_beverages_003.jpg,380,390,460,490,product,beverages,1.0,full,1024,768
shelf_full_beverages_003.jpg,520,390,600,490,product,beverages,1.0,full,1024,768
shelf_full_beverages_003.jpg,660,390,740,490,product,beverages,1.0,full,1024,768
shelf_full_beverages_003.jpg,800,390,880,490,product,beverages,1.0,full,1024,768
shelf_full_beverages_003.jpg,100,500,180,600,product,beverages,1.0,full,1024,768
shelf_full_beverages_003.jpg,240,500,320,600,product,beverages,1.0,full,1024,768
shelf_full_beverages_003.jpg,380,500,460,600,product,beverages,1.0,full,1024,768
shelf_full_beverages_003.jpg,520,500,600,600,product,beverages,1.0,full,1024,768
shelf_full_beverages_003.jpg,660,500,740,600,product,beverages,1.0,full,1024,768
shelf_full_beverages_003.jpg,800,500,880,600,product,beverages,1.0,full,1024,768
shelf_half-empty_beverages_004.jpg,120,200,180,280,product,beverages,1.0,half-empty,1024,768
shelf_half-empty_beverages_004.jpg,280,200,340,280,product,beverages,1.0,half-empty,1024,768
shelf_half-empty_beverages_004.jpg,440,200,500,280,product,beverages,1.0,half-empty,1024,768
shelf_half-empty_beverages_004.jpg,600,200,660,280,product,beverages,1.0,half-empty,1024,768
shelf_half-empty_beverages_004.jpg,120,320,180,400,product,beverages,1.0,half-empty,1024,768
shelf_half-empty_beverages_004.jpg,280,320,340,400,product,beverages,1.0,half-empty,1024,768
shelf_half-empty_beverages_004.jpg,440,320,500,400,product,beverages,1.0,half-empty,1024,768
shelf_half-empty_beverages_004.jpg,600,320,660,400,product,beverages,1.0,half-empty,1024,768
shelf_half-empty_beverages_004.jpg,120,440,180,520,product,beverages,1.0,half-empty,1024,768
shelf_half-empty_beverages_004.jpg,280,440,340,520,product,beverages,1.0,half-empty,1024,768
shelf_half-empty_beverages_004.jpg,440,440,500,520,product,beverages,1.0,half-empty,1024,768
shelf_half-empty_beverages_004.jpg,600,440,660,520,product,beverages,1.0,half-empty,1024,768
shelf_half-empty_beverages_005.jpg,120,200,180,280,product,beverages,1.0,half-empty,1024,768
shelf_half-empty_beverages_005.jpg,280,200,340,280,product,beverages,1.0,half-empty,1024,768
shelf_half-empty_beverages_005.jpg,440,200,500,280,product,beverages,1.0,half-empty,1024,768
shelf_half-empty_beverages_005.jpg,600,200,660,280,product,beverages,1.0,half-empty,1024,768
shelf_half-empty_beverages_005.jpg,120,320,180,400,product,beverages,1.0,half-empty,1024,768
shelf_half-empty_beverages_005.jpg,280,320,340,400,product,beverages,1.0,half-empty,1024,768
shelf_half-empty_beverages_005.jpg,440,320,500,400,product,beverages,1.0,half-empty,1024,768
shelf_half-empty_beverages_005.jpg,600,320,660,400,product,beverages,1.0,half-empty,1024,768
shelf_half-empty_beverages_005.jpg,120,440,180,520,product,beverages,1.0,half-empty,1024,768
shelf_half-empty_beverages_005.jpg,280,440,340,520,product,beverages,1.0,half-empty,1024,768
shelf_half-empty_beverages_005.jpg,440,440,500,520,product,beverages,1.0,half-empty,1024,768
shelf_half-empty_beverages_005.jpg,600,440,660,520,product,beverages,1.0,half-empty,1024,768
shelf_half-empty_beverages_006.jpg,120,200,180,280,product,beverages,1.0,half-empty,1024,768
shelf_half-empty_beverages_006.jpg,280,200,340,280,product,beverages,1.0,half-empty,1024,768
shelf_half-empty_beverages_006.jpg,440,200,500,280,product,beverages,1.0,half-empty,1024,768
shelf_half-empty_beverages_006.jpg,600,200,660,280,product,beverages,1.0,half-empty,1024,768
shelf_half-empty_beverages_006.jpg,120,320,180,400,product,beverages,1.0,half-empty,1024,768
shelf_half-empty_beverages_006.jpg,280,320,340,400,product,beverages,1.0,half-empty,1024,768
shelf_half-empty_beverages_006.jpg,440,320,500,400,product,beverages,1.0,half-empty,1024,768
shelf_half-empty_beverages_006.jpg,600,320,660,400,product,beverages,1.0,half-empty,1024,768
shelf_half-empty_beverages_006.jpg,120,440,180,520,product,beverages,1.0,half-empty,1024,768
shelf_full_snacks_021.jpg,100,170,180,270,product,snacks,1.0,full,1024,768
shelf_full_snacks_021.jpg,240,170,320,270,product,snacks,1.0,full,1024,768
shelf_full_snacks_021.jpg,380,170,460,270,product,snacks,1.0,full,1024,768
shelf_full_snacks_021.jpg,520,170,600,270,product,snacks,1.0,full,1024,768
shelf_full_snacks_021.jpg,660,170,740,270,product,snacks,1.0,full,1024,768
shelf_full_snacks_021.jpg,800,170,880,270,product,snacks,1.0,full,1024,768
shelf_full_snacks_021.jpg,100,280,180,380,product,snacks,1.0,full,1024,768
shelf_full_snacks_021.jpg,240,280,320,380,product,snacks,1.0,full,1024,768
shelf_full_snacks_021.jpg,380,280,460,380,product,snacks,1.0,full,1024,768
shelf_full_snacks_021.jpg,520,280,600,380,product,snacks,1.0,full,1024,768
shelf_full_snacks_021.jpg,660,280,740,380,product,snacks,1.0,full,1024,768
shelf_full_snacks_021.jpg,800,280,880,380,product,snacks,1.0,full,1024,768
shelf_full_snacks_021.jpg,100,390,180,490,product,snacks,1.0,full,1024,768
shelf_full_snacks_021.jpg,240,390,320,490,product,snacks,1.0,full,1024,768
shelf_full_snacks_021.jpg,380,390,460,490,product,snacks,1.0,full,1024,768
shelf_full_snacks_021.jpg,520,390,600,490,product,snacks,1.0,full,1024,768
shelf_full_snacks_021.jpg,660,390,740,490,product,snacks,1.0,full,1024,768
shelf_full_snacks_021.jpg,800,390,880,490,product,snacks,1.0,full,1024,768
shelf_full_snacks_021.jpg,100,500,180,600,product,snacks,1.0,full,1024,768
shelf_full_snacks_021.jpg,240,500,320,600,product,snacks,1.0,full,1024,768
shelf_full_snacks_021.jpg,380,500,460,600,product,snacks,1.0,full,1024,768
shelf_full_snacks_021.jpg,520,500,600,600,product,snacks,1.0,full,1024,768
shelf_full_snacks_021.jpg,660,500,740,600,product,snacks,1.0,full,1024,768
shelf_full_snacks_022.jpg,100,170,180,270,product,snacks,1.0,full,1024,768
shelf_full_snacks_022.jpg,240,170,320,270,product,snacks,1.0,full,1024,768
shelf_full_snacks_022.jpg,380,170,460,270,product,snacks,1.0,full,1024,768
shelf_full_snacks_022.jpg,520,170,600,270,product,snacks,1.0,full,1024,768
shelf_full_snacks_022.jpg,660,170,740,270,product,snacks,1.0,full,1024,768
shelf_full_snacks_022.jpg,800,170,880,270,product,snacks,1.0,full,1024,768
shelf_full_snacks_022.jpg,100,280,180,380,product,snacks,1.0,full,1024,768
shelf_full_snacks_022.jpg,240,280,320,380,product,snacks,1.0,full,1024,768
shelf_full_snacks_022.jpg,380,280,460,380,product,snacks,1.0,full,1024,768
shelf_full_snacks_022.jpg,520,280,600,380,product,snacks,1.0,full,1024,768
shelf_full_snacks_022.jpg,660,280,740,380,product,snacks,1.0,full,1024,768
shelf_full_snacks_022.jpg,800,280,880,380,product,snacks,1.0,full,1024,768
shelf_full_snacks_022.jpg,100,390,180,490,product,snacks,1.0,full,1024,768
shelf_full_snacks_022.jpg,240,390,320,490,product,snacks,1.0,full,1024,768
shelf_full_snacks_022.jpg,380,390,460,490,product,snacks,1.0,full,1024,768
shelf_full_snacks_022.jpg,520,390,600,490,product,snacks,1.0,full,1024,768
shelf_full_snacks_022.jpg,660,390,740,490,product,snacks,1.0,full,1024,768
shelf_full_snacks_022.jpg,800,390,880,490,product,snacks,1.0,full,1024,768
shelf_full_snacks_023.jpg,100,170,180,270,product,snacks,1.0,full,1024,768
shelf_full_snacks_023.jpg,240,170,320,270,product,snacks,1.0,full,1024,768
shelf_full_snacks_023.jpg,380,170,460,270,product,snacks,1.0,full,1024,768
shelf_full_snacks_023.jpg,520,170,600,270,product,snacks,1.0,full,1024,768
shelf_full_snacks_023.jpg,660,170,740,270,product,snacks,1.0,full,1024,768
shelf_full_snacks_023.jpg,800,170,880,270,product,snacks,1.0,full,1024,768
shelf_full_snacks_023.jpg,100,280,180,380,product,snacks,1.0,full,1024,768
shelf_full_snacks_023.jpg,240,280,320,380,product,snacks,1.0,full,1024,768
shelf_full_snacks_023.jpg,380,280,460,380,product,snacks,1.0,full,1024,768
shelf_full_snacks_023.jpg,520,280,600,380,product,snacks,1.0,full,1024,768
shelf_full_snacks_023.jpg,660,280,740,380,product,snacks,1.0,full,1024,768
shelf_full_snacks_023.jpg,800,280,880,380,product,snacks,1.0,full,1024,768
shelf_full_snacks_023.jpg,100,390,180,490,product,snacks,1.0,full,1024,768
shelf_full_snacks_023.jpg,240,390,320,490,product,snacks,1.0,full,1024,768
shelf_full_snacks_023.jpg,380,390,460,490,product,snacks,1.0,full,1024,768
shelf_full_snacks_023.jpg,520,390,600,490,product,snacks,1.0,full,1024,768
shelf_full_snacks_023.jpg,660,390,740,490,product,snacks,1.0,full,1024,768
shelf_full_snacks_023.jpg,800,390,880,490,product,snacks,1.0,full,1024,768
shelf_full_snacks_023.jpg,100,500,180,600,product,snacks,1.0,full,1024,768
shelf_full_snacks_023.jpg,240,500,320,600,product,snacks,1.0,full,1024,768
shelf_half-empty_snacks_024.jpg,120,200,180,280,product,snacks,1.0,half-empty,1024,768
shelf_half-empty_snacks_024.jpg,280,200,340,280,product,snacks,1.0,half-empty,1024,768
shelf_half-empty_snacks_024.jpg,440,200,500,280,product,snacks,1.0,half-empty,1024,768
shelf_half-empty_snacks_024.jpg,600,200,660,280,product,snacks,1.0,half-empty,1024,768
shelf_half-empty_snacks_024.jpg,120,320,180,400,product,snacks,1.0,half-empty,1024,768
shelf_half-empty_snacks_024.jpg,280,320,340,400,product,snacks,1.0,half-empty,1024,768
shelf_half-empty_snacks_024.jpg,440,320,500,400,product,snacks,1.0,half-empty,1024,768
shelf_half-empty_snacks_024.jpg,600,320,660,400,product,snacks,1.0,half-empty,1024,768
shelf_half-empty_snacks_024.jpg,120,440,180,520,product,snacks,1.0,half-empty,1024,768
shelf_half-empty_snacks_024.jpg,280,440,340,520,product,snacks,1.0,half-empty,1024,768
shelf_half-empty_snacks_025.jpg,120,200,180,280,product,snacks,1.0,half-empty,1024,768
shelf_half-empty_snacks_025.jpg,280,200,340,280,product,snacks,1.0,half-empty,1024,768
shelf_half-empty_snacks_025.jpg,440,200,500,280,product,snacks,1.0,half-empty,1024,768
shelf_half-empty_snacks_025.jpg,600,200,660,280,product,snacks,1.0,half-empty,1024,768
shelf_half-empty_snacks_025.jpg,120,320,180,400,product,snacks,1.0,half-empty,1024,768
shelf_half-empty_snacks_025.jpg,280,320,340,400,product,snacks,1.0,half-empty,1024,768
shelf_half-empty_snacks_025.jpg,440,320,500,400,product,snacks,1.0,half-empty,1024,768
shelf_half-empty_snacks_025.jpg,600,320,660,400,product,snacks,1.0,half-empty,1024,768
shelf_half-empty_snacks_026.jpg,120,200,180,280,product,snacks,1.0,half-empty,1024,768
shelf_half-empty_snacks_026.jpg,280,200,340,280,product,snacks,1.0,half-empty,1024,768
shelf_half-empty_snacks_026.jpg,440,200,500,280,product,snacks,1.0,half-empty,1024,768
shelf_half-empty_snacks_026.jpg,600,200,660,280,product,snacks,1.0,half-empty,1024,768
shelf_half-empty_snacks_026.jpg,120,320,180,400,product,snacks,1.0,half-empty,1024,768
shelf_half-empty_snacks_026.jpg,280,320,340,400,product,snacks,1.0,half-empty,1024,768
shelf_half-empty_snacks_026.jpg,440,320,500,400,product,snacks,1.0,half-empty,1024,768
shelf_half-empty_snacks_026.jpg,600,320,660,400,product,snacks,1.0,half-empty,1024,768
shelf_half-empty_snacks_026.jpg,120,440,180,520,product,snacks,1.0,half-empty,1024,768
shelf_half-empty_snacks_026.jpg,280,440,340,520,product,snacks,1.0,half-empty,1024,768
shelf_full_cereal_041.jpg,100,170,180,270,product,cereal,1.0,full,1024,768
shelf_full_cereal_041.jpg,240,170,320,270,product,cereal,1.0,full,1024,768
shelf_full_cereal_041.jpg,380,170,460,270,product,cereal,1.0,full,1024,768
shelf_full_cereal_041.jpg,520,170,600,270,product,cereal,1.0,full,1024,768
shelf_full_cereal_041.jpg,660,170,740,270,product,cereal,1.0,full,1024,768
shelf_full_cereal_041.jpg,800,170,880,270,product,cereal,1.0,full,1024,768
shelf_full_cereal_041.jpg,100,280,180,380,product,cereal,1.0,full,1024,768
shelf_full_cereal_041.jpg,240,280,320,380,product,cereal,1.0,full,1024,768
shelf_full_cereal_041.jpg,380,280,460,380,product,cereal,1.0,full,1024,768
shelf_full_cereal_041.jpg,520,280,600,380,product,cereal,1.0,full,1024,768
shelf_full_cereal_041.jpg,660,280,740,380,product,cereal,1.0,full,1024,768
shelf_full_cereal_041.jpg,800,280,880,380,product,cereal,1.0,full,1024,768
shelf_full_cereal_041.jpg,100,390,180,490,product,cereal,1.0,full,1024,768
shelf_full_cereal_041.jpg,240,390,320,490,product,cereal,1.0,full,1024,768
shelf_full_cereal_041.jpg,380,390,460,490,product,cereal,1.0,full,1024,768
shelf_full_cereal_041.jpg,520,390,600,490,product,cereal,1.0,full,1024,768
shelf_full_cereal_041.jpg,660,390,740,490,product,cereal,1.0,full,1024,768
shelf_full_cereal_041.jpg,800,390,880,490,product,cereal,1.0,full,1024,768
shelf_full_cereal_041.jpg,100,500,180,600,product,cereal,1.0,full,1024,768
shelf_full_cereal_041.jpg,240,500,320,600,product,cereal,1.0,full,1024,768
shelf_full_cereal_041.jpg,380,500,460,600,product,cereal,1.0,full,1024,768
shelf_full_cereal_041.jpg,520,500,600,600,product,cereal,1.0,full,1024,768
shelf_full_cereal_041.jpg,660,500,740,600,product,cereal,1.0,full,1024,768
shelf_full_cereal_041.jpg,800,500,880,600,product,cereal,1.0,full,1024,768
shelf_full_cereal_042.jpg,100,170,180,270,product,cereal,1.0,full,1024,768
shelf_full_cereal_042.jpg,240,170,320,270,product,cereal,1.0,full,1024,768
shelf_full_cereal_042.jpg,380,170,460,270,product,cereal,1.0,full,1024,768
shelf_full_cereal_042.jpg,520,170,600,270,product,cereal,1.0,full,1024,768
shelf_full_cereal_042.jpg,660,170,740,270,product,cereal,1.0,full,1024,768
shelf_full_cereal_042.jpg,800,170,880,270,product,cereal,1.0,full,1024,768
shelf_full_cereal_042.jpg,100,280,180,380,product,cereal,1.0,full,1024,768
shelf_full_cereal_042.jpg,240,280,320,380,product,cereal,1.0,full,1024,768
shelf_full_cereal_042.jpg,380,280,460,380,product,cereal,1.0,full,1024,768
shelf_full_cereal_042.jpg,520,280,600,380,product,cereal,1.0,full,1024,768
shelf_full_cereal_042.jpg,660,280,740,380,product,cereal,1.0,full,1024,768
shelf_full_cereal_042.jpg,800,280,880,380,product,cereal,1.0,full,1024,768
shelf_full_cereal_042.jpg,100,390,180,490,product,cereal,1.0,full,1024,768
shelf_full_cereal_042.jpg,240,390,320,490,product,cereal,1.0,full,1024,768
shelf_full_cereal_042.jpg,380,390,460,490,product,cereal,1.0,full,1024,768
shelf_full_cereal_042.jpg,520,390,600,490,product,cereal,1.0,full,1024,768
shelf_full_cereal_042.jpg,660,390,740,490,product,cereal,1.0,full,1024,768
shelf_full_cereal_042.jpg,800,390,880,490,product,cereal,1.0,full,1024,768
shelf_full_cereal_042.jpg,100,500,180,600,product,cereal,1.0,full,1024,768
shelf_full_cereal_042.jpg,240,500,320,600,product,cereal,1.0,full,1024,768
shelf_full_cereal_042.jpg,380,500,460,600,product,cereal,1.0,full,1024,768
shelf_full_cereal_043.jpg,100,170,180,270,product,cereal,1.0,full,1024,768
shelf_full_cereal_043.jpg,240,170,320,270,product,cereal,1.0,full,1024,768
shelf_full_cereal_043.jpg,380,170,460,270,product,cereal,1.0,full,1024,768
shelf_full_cereal_043.jpg,520,170,600,270,product,cereal,1.0,full,1024,768
shelf_full_cereal_043.jpg,660,170,740,270,product,cereal,1.0,full,1024,768
shelf_full_cereal_043.jpg,800,170,880,270,product,cereal,1.0,full,1024,768
shelf_full_cereal_043.jpg,100,280,180,380,product,cereal,1.0,full,1024,768
shelf_full_cereal_043.jpg,240,280,320,380,product,cereal,1.0,full,1024,768
shelf_full_cereal_043.jpg,380,280,460,380,product,cereal,1.0,full,1024,768
shelf_full_cereal_043.jpg,520,280,600,380,product,cereal,1.0,full,1024,768
shelf_full_cereal_043.jpg,660,280,740,380,product,cereal,1.0,full,1024,768
shelf_full_cereal_043.jpg,800,280,880,380,product,cereal,1.0,full,1024,768
shelf_full_cereal_043.jpg,100,390,180,490,product,cereal,1.0,full,1024,768
shelf_full_cereal_043.jpg,240,390,320,490,product,cereal,1.0,full,1024,768
shelf_full_cereal_043.jpg,380,390,460,490,product,cereal,1.0,full,1024,768
shelf_full_cereal_043.jpg,520,390,600,490,product,cereal,1.0,full,1024,768
shelf_full_cereal_043.jpg,660,390,740,490,product,cereal,1.0,full,1024,768
shelf_full_cereal_043.jpg,800,390,880,490,product,cereal,1.0,full,1024,768
shelf_full_cereal_043.jpg,100,500,180,600,product,cereal,1.0,full,1024,768
shelf_full_cereal_043.jpg,240,500,320,600,product,cereal,1.0,full,1024,768
shelf_full_cereal_043.jpg,380,500,460,600,product,cereal,1.0,full,1024,768
shelf_full_cereal_043.jpg,520,500,600,600,product,cereal,1.0,full,1024,768
shelf_full_cereal_043.jpg,660,500,740,600,product,cereal,1.0,full,1024,768
shelf_full_cereal_043.jpg,800,500,880,600,product,cereal,1.0,full,1024,768
shelf_half-empty_cereal_044.jpg,120,200,180,280,product,cereal,1.0,half-empty,1024,768
shelf_half-empty_cereal_044.jpg,280,200,340,280,product,cereal,1.0,half-empty,1024,768
shelf_half-empty_cereal_044.jpg,440,200,500,280,product,cereal,1.0,half-empty,1024,768
shelf_half-empty_cereal_044.jpg,600,200,660,280,product,cereal,1.0,half-empty,1024,768
shelf_half-empty_cereal_044.jpg,120,320,180,400,product,cereal,1.0,half-empty,1024,768
shelf_half-empty_cereal_044.jpg,280,320,340,400,product,cereal,1.0,half-empty,1024,768
shelf_half-empty_cereal_044.jpg,440,320,500,400,product,cereal,1.0,half-empty,1024,768
shelf_half-empty_cereal_044.jpg,600,320,660,400,product,cereal,1.0,half-empty,1024,768
shelf_half-empty_cereal_044.jpg,120,440,180,520,product,cereal,1.0,half-empty,1024,768
shelf_half-empty_cereal_044.jpg,280,440,340,520,product,cereal,1.0,half-empty,1024,768
shelf_half-empty_cereal_044.jpg,440,440,500,520,product,cereal,1.0,half-empty,1024,768
shelf_half-empty_cereal_045.jpg,120,200,180,280,product,cereal,1.0,half-empty,1024,768
shelf_half-empty_cereal_045.jpg,280,200,340,280,product,cereal,1.0,half-empty,1024,768
shelf_half-empty_cereal_045.jpg,440,200,500,280,product,cereal,1.0,half-empty,1024,768
shelf_half-empty_cereal_045.jpg,600,200,660,280,product,cereal,1.0,half-empty,1024,768
shelf_half-empty_cereal_045.jpg,120,320,180,400,product,cereal,1.0,half-empty,1024,768
shelf_half-empty_cereal_045.jpg,280,320,340,400,product,cereal,1.0,half-empty,1024,768
shelf_half-empty_cereal_045.jpg,440,320,500,400,product,cereal,1.0,half-empty,1024,768
shelf_half-empty_cereal_045.jpg,600,320,660,400,product,cereal,1.0,half-empty,1024,768
shelf_half-empty_cereal_045.jpg,120,440,180,520,product,cereal,1.0,half-empty,1024,768
shelf_half-empty_cereal_045.jpg,280,440,340,520,product,cereal,1.0,half-empty,1024,768
shelf_half-empty_cereal_045.jpg,440,440,500,520,product,cereal,1.0,half-empty,1024,768
shelf_half-empty_cereal_045.jpg,600,440,660,520,product,cereal,1.0,half-empty,1024,768
shelf_half-empty_cereal_046.jpg,120,200,180,280,product,cereal,1.0,half-empty,1024,768
shelf_half-empty_cereal_046.jpg,280,200,340,280,product,cereal,1.0,half-empty,1024,768
shelf_half-empty_cereal_046.jpg,440,200,500,280,product,cereal,1.0,half-empty,1024,768
shelf_half-empty_cereal_046.jpg,600,200,660,280,product,cereal,1.0,half-empty,1024,768
shelf_half-empty_cereal_046.jpg,120,320,180,400,product,cereal,1.0,half-empty,1024,768
shelf_half-empty_cereal_046.jpg,280,320,340,400,product,cereal,1.0,half-empty,1024,768
shelf_half-empty_cereal_046.jpg,440,320,500,400,product,cereal,1.0,half-empty,1024,768
shelf_half-empty_cereal_046.jpg,600,320,660,400,product,cereal,1.0,half-empty,1024,768
shelf_full_dairy_061.jpg,100,170,180,270,product,dairy,1.0,full,1024,768
shelf_full_dairy_061.jpg,240,170,320,270,product,dairy,1.0,full,1024,768
shelf_full_dairy_061.jpg,380,170,460,270,product,dairy,1.0,full,1024,768
shelf_full_dairy_061.jpg,520,170,600,270,product,dairy,1.0,full,1024,768
shelf_full_dairy_061.jpg,660,170,740,270,product,dairy,1.0,full,1024,768
shelf_full_dairy_061.jpg,800,170,880,270,product,dairy,1.0,full,1024,768
shelf_full_dairy_061.jpg,100,280,180,380,product,dairy,1.0,full,1024,768
shelf_full_dairy_061.jpg,240,280,320,380,product,dairy,1.0,full,1024,768
shelf_full_dairy_061.jpg,380,280,460,380,product,dairy,1.0,full,1024,768
shelf_full_dairy_061.jpg,520,280,600,380,product,dairy,1.0,full,1024,768
shelf_full_dairy_061.jpg,660,280,740,380,product,dairy,1.0,full,1024,768
shelf_full_dairy_061.jpg,800,280,880,380,product,dairy,1.0,full,1024,768
shelf_full_dairy_061.jpg,100,390,180,490,product,dairy,1.0,full,1024,768
shelf_full_dairy_061.jpg,240,390,320,490,product,dairy,1.0,full,1024,768
shelf_full_dairy_061.jpg,380,390,460,490,product,dairy,1.0,full,1024,768
shelf_full_dairy_061.jpg,520,390,600,490,product,dairy,1.0,full,1024,768
shelf_full_dairy_061.jpg,660,390,740,490,product,dairy,1.0,full,1024,768
shelf_full_dairy_061.jpg,800,390,880,490,product,dairy,1.0,full,1024,768
shelf_full_dairy_061.jpg,100,500,180,600,product,dairy,1.0,full,1024,768
shelf_full_dairy_061.jpg,240,500,320,600,product,dairy,1.0,full,1024,768
shelf_full_dairy_061.jpg,380,500,460,600,product,dairy,1.0,full,1024,768
shelf_full_dairy_061.jpg,520,500,600,600,product,dairy,1.0,full,1024,768
shelf_full_dairy_061.jpg,660,500,740,600,product,dairy,1.0,full,1024,768
shelf_full_dairy_062.jpg,100,170,180,270,product,dairy,1.0,full,1024,768
shelf_full_dairy_062.jpg,240,170,320,270,product,dairy,1.0,full,1024,768
shelf_full_dairy_062.jpg,380,170,460,270,product,dairy,1.0,full,1024,768
shelf_full_dairy_062.jpg,520,170,600,270,product,dairy,1.0,full,1024,768
shelf_full_dairy_062.jpg,660,170,740,270,product,dairy,1.0,full,1024,768
shelf_full_dairy_062.jpg,800,170,880,270,product,dairy,1.0,full,1024,768
shelf_full_dairy_062.jpg,100,280,180,380,product,dairy,1.0,full,1024,768
shelf_full_dairy_062.jpg,240,280,320,380,product,dairy,1.0,full,1024,768
shelf_full_dairy_062.jpg,380,280,460,380,product,dairy,1.0,full,1024,768
shelf_full_dairy_062.jpg,520,280,600,380,product,dairy,1.0,full,1024,768
shelf_full_dairy_062.jpg,660,280,740,380,product,dairy,1.0,full,1024,768
shelf_full_dairy_062.jpg,800,280,880,380,product,dairy,1.0,full,1024,768
shelf_full_dairy_062.jpg,100,390,180,490,product,dairy,1.0,full,1024,768
shelf_full_dairy_062.jpg,240,390,320,490,product,dairy,1.0,full,1024,768
shelf_full_dairy_062.jpg,380,390,460,490,product,dairy,1.0,full,1024,768
shelf_full_dairy_062.jpg,520,390,600,490,product,dairy,1.0,full,1024,768
shelf_full_dairy_062.jpg,660,390,740,490,product,dairy,1.0,full,1024,768
shelf_full_dairy_062.jpg,800,390,880,490,product,dairy,1.0,full,1024,768
shelf_full_dairy_062.jpg,100,500,180,600,product,dairy,1.0,full,1024,768
shelf_full_dairy_062.jpg,240,500,320,600,product,dairy,1.0,full,1024,768
shelf_full_dairy_062.jpg,380,500,460,600,product,dairy,1.0,full,1024,768
shelf_full_dairy_062.jpg,520,500,600,600,product,dairy,1.0,full,1024,768
shelf_full_dairy_062.jpg,660,500,740,600,product,dairy,1.0,full,1024,768
shelf_full_dairy_062.jpg,800,500,880,600,product,dairy,1.0,full,1024,768
shelf_full_dairy_063.jpg,100,170,180,270,product,dairy,1.0,full,1024,768
shelf_full_dairy_063.jpg,240,170,320,270,product,dairy,1.0,full,1024,768
shelf_full_dairy_063.jpg,380,170,460,270,product,dairy,1.0,full,1024,768
shelf_full_dairy_063.jpg,520,170,600,270,product,dairy,1.0,full,1024,768
shelf_full_dairy_063.jpg,660,170,740,270,product,dairy,1.0,full,1024,768
shelf_full_dairy_063.jpg,800,170,880,270,product,dairy,1.0,full,1024,768
shelf_full_dairy_063.jpg,100,280,180,380,product,dairy,1.0,full,1024,768
shelf_full_dairy_063.jpg,240,280,320,380,product,dairy,1.0,full,1024,768
shelf_full_dairy_063.jpg,380,280,460,380,product,dairy,1.0,full,1024,768
shelf_full_dairy_063.jpg,520,280,600,380,product,dairy,1.0,full,1024,768
shelf_full_dairy_063.jpg,660,280,740,380,product,dairy,1.0,full,1024,768
shelf_full_dairy_063.jpg,800,280,880,380,product,dairy,1.0,full,1024,768
shelf_full_dairy_063.jpg,100,390,180,490,product,dairy,1.0,full,1024,768
shelf_full_dairy_063.jpg,240,390,320,490,product,dairy,1.0,full,1024,768
shelf_full_dairy_063.jpg,380,390,460,490,product,dairy,1.0,full,1024,768
shelf_full_dairy_063.jpg,520,390,600,490,product,dairy,1.0,full,1024,768
shelf_full_dairy_063.jpg,660,390,740,490,product,dairy,1.0,full,1024,768
shelf_full_dairy_063.jpg,800,390,880,490,product,dairy,1.0,full,1024,768
shelf_full_dairy_063.jpg,100,500,180,600,product,dairy,1.0,full,1024,768
shelf_full_dairy_063.jpg,240,500,320,600,product,dairy,1.0,full,1024,768
shelf_full_dairy_063.jpg,380,500,460,600,product,dairy,1.0,full,1024,768
shelf_half-empty_dairy_064.jpg,120,200,180,280,product,dairy,1.0,half-empty,1024,768
shelf_half-empty_dairy_064.jpg,280,200,340,280,product,dairy,1.0,half-empty,1024,768
shelf_half-empty_dairy_064.jpg,440,200,500,280,product,dairy,1.0,half-empty,1024,768
shelf_half-empty_dairy_064.jpg,600,200,660,280,product,dairy,1.0,half-empty,1024,768
shelf_half-empty_dairy_064.jpg,120,320,180,400,product,dairy,1.0,half-empty,1024,768
shelf_half-empty_dairy_064.jpg,280,320,340,400,product,dairy,1.0,half-empty,1024,768
shelf_half-empty_dairy_064.jpg,440,320,500,400,product,dairy,1.0,half-empty,1024,768
shelf_half-empty_dairy_064.jpg,600,320,660,400,product,dairy,1.0,half-empty,1024,768
shelf_half-empty_dairy_064.jpg,120,440,180,520,product,dairy,1.0,half-empty,1024,768
shelf_half-empty_dairy_064.jpg,280,440,340,520,product,dairy,1.0,half-empty,1024,768
shelf_half-empty_dairy_064.jpg,440,440,500,520,product,dairy,1.0,half-empty,1024,768
shelf_half-empty_dairy_065.jpg,120,200,180,280,product,dairy,1.0,half-empty,1024,768
shelf_half-empty_dairy_065.jpg,280,200,340,280,product,dairy,1.0,half-empty,1024,768
shelf_half-empty_dairy_065.jpg,440,200,500,280,product,dairy,1.0,half-empty,1024,768
shelf_half-empty_dairy_065.jpg,600,200,660,280,product,dairy,1.0,half-empty,1024,768
shelf_half-empty_dairy_065.jpg,120,320,180,400,product,dairy,1.0,half-empty,1024,768
shelf_half-empty_dairy_065.jpg,280,320,340,400,product,dairy,1.0,half-empty,1024,768
shelf_half-empty_dairy_065.jpg,440,320,500,400,product,dairy,1.0,half-empty,1024,768
shelf_half-empty_dairy_065.jpg,600,320,660,400,product,dairy,1.0,half-empty,1024,768
shelf_half-empty_dairy_065.jpg,120,440,180,520,product,dairy,1.0,half-empty,1024,768
shelf_half-empty_dairy_065.jpg,280,440,340,520,product,dairy,1.0,half-empty,1024,768
shelf_half-empty_dairy_065.jpg,440,440,500,520,product,dairy,1.0,half-empty,1024,768
shelf_half-empty_dairy_065.jpg,600,440,660,520,product,dairy,1.0,half-empty,1024,768
shelf_half-empty_dairy_066.jpg,120,200,180,280,product,dairy,1.0,half-empty,1024,768
shelf_half-empty_dairy_066.jpg,280,200,340,280,product,dairy,1.0,half-empty,1024,768
shelf_half-empty_dairy_066.jpg,440,200,500,280,product,dairy,1.0,half-empty,1024,768
shelf_half-empty_dairy_066.jpg,600,200,660,280,product,dairy,1.0,half-empty,1024,768
shelf_half-empty_dairy_066.jpg,120,320,180,400,product,dairy,1.0,half-empty,1024,768
shelf_half-empty_dairy_066.jpg,280,320,340,400,product,dairy,1.0,half-empty,1024,768
shelf_half-empty_dairy_066.jpg,440,320,500,400,product,dairy,1.0,half-empty,1024,768
shelf_half-empty_dairy_066.jpg,600,320,660,400,product,dairy,1.0,half-empty,1024,768
shelf_half-empty_dairy_066.jpg,120,440,180,520,product,dairy,1.0,half-empty,1024,768
shelf_half-empty_dairy_066.jpg,280,440,340,520,product,dairy,1.0,half-empty,1024,768
shelf_half-empty_dairy_066.jpg,440,440,500,520,product,dairy,1.0,half-empty,1024,768
shelf_half-empty_dairy_066.jpg,600,440,660,520,product,dairy,1.0,half-empty,1024,768
shelf_full_bakery_081.jpg,100,170,180,270,product,bakery,1.0,full,1024,768
shelf_full_bakery_081.jpg,240,170,320,270,product,bakery,1.0,full,1024,768
shelf_full_bakery_081.jpg,380,170,460,270,product,bakery,1.0,full,1024,768
shelf_full_bakery_081.jpg,520,170,600,270,product,bakery,1.0,full,1024,768
shelf_full_bakery_081.jpg,660,170,740,270,product,bakery,1.0,full,1024,768
shelf_full_bakery_081.jpg,800,170,880,270,product,bakery,1.0,full,1024,768
shelf_full_bakery_081.jpg,100,280,180,380,product,bakery,1.0,full,1024,768
shelf_full_bakery_081.jpg,240,280,320,380,product,bakery,1.0,full,1024,768
shelf_full_bakery_081.jpg,380,280,460,380,product,bakery,1.0,full,1024,768
shelf_full_bakery_081.jpg,520,280,600,380,product,bakery,1.0,full,1024,768
shelf_full_bakery_081.jpg,660,280,740,380,product,bakery,1.0,full,1024,768
shelf_full_bakery_081.jpg,800,280,880,380,product,bakery,1.0,full,1024,768
shelf_full_bakery_081.jpg,100,390,180,490,product,bakery,1.0,full,1024,768
shelf_full_bakery_081.jpg,240,390,320,490,product,bakery,1.0,full,1024,768
shelf_full_bakery_081.jpg,380,390,460,490,product,bakery,1.0,full,1024,768
shelf_full_bakery_081.jpg,520,390,600,490,product,bakery,1.0,full,1024,768
shelf_full_bakery_081.jpg,660,390,740,490,product,bakery,1.0,full,1024,768
shelf_full_bakery_081.jpg,800,390,880,490,product,bakery,1.0,full,1024,768
shelf_full_bakery_081.jpg,100,500,180,600,product,bakery,1.0,full,1024,768
shelf_full_bakery_081.jpg,240,500,320,600,product,bakery,1.0,full,1024,768
shelf_full_bakery_081.jpg,380,500,460,600,product,bakery,1.0,full,1024,768
shelf_full_bakery_081.jpg,520,500,600,600,product,bakery,1.0,full,1024,768
shelf_full_bakery_081.jpg,660,500,740,600,product,bakery,1.0,full,1024,768
shelf_full_bakery_082.jpg,100,170,180,270,product,bakery,1.0,full,1024,768
shelf_full_bakery_082.jpg,240,170,320,270,product,bakery,1.0,full,1024,768
shelf_full_bakery_082.jpg,380,170,460,270,product,bakery,1.0,full,1024,768
shelf_full_bakery_082.jpg,520,170,600,270,product,bakery,1.0,full,1024,768
shelf_full_bakery_082.jpg,660,170,740,270,product,bakery,1.0,full,1024,768
shelf_full_bakery_082.jpg,800,170,880,270,product,bakery,1.0,full,1024,768
shelf_full_bakery_082.jpg,100,280,180,380,product,bakery,1.0,full,1024,768
shelf_full_bakery_082.jpg,240,280,320,380,product,bakery,1.0,full,1024,768
shelf_full_bakery_082.jpg,380,280,460,380,product,bakery,1.0,full,1024,768
shelf_full_bakery_082.jpg,520,280,600,380,product,bakery,1.0,full,1024,768
shelf_full_bakery_082.jpg,660,280,740,380,product,bakery,1.0,full,1024,768
shelf_full_bakery_082.jpg,800,280,880,380,product,bakery,1.0,full,1024,768
shelf_full_bakery_082.jpg,100,390,180,490,product,bakery,1.0,full,1024,768
shelf_full_bakery_082.jpg,240,390,320,490,product,bakery,1.0,full,1024,768
shelf_full_bakery_082.jpg,380,390,460,490,product,bakery,1.0,full,1024,768
shelf_full_bakery_082.jpg,520,390,600,490,product,bakery,1.0,full,1024,768
shelf_full_bakery_082.jpg,660,390,740,490,product,bakery,1.0,full,1024,768
shelf_full_bakery_082.jpg,800,390,880,490,product,bakery,1.0,full,1024,768
shelf_full_bakery_082.jpg,100,500,180,600,product,bakery,1.0,full,1024,768
shelf_full_bakery_082.jpg,240,500,320,600,product,bakery,1.0,full,1024,768
shelf_full_bakery_082.jpg,380,500,460,600,product,bakery,1.0,full,1024,768
shelf_full_bakery_082.jpg,520,500,600,600,product,bakery,1.0,full,1024,768
shelf_full_bakery_082.jpg,660,500,740,600,product,bakery,1.0,full,1024,768
shelf_full_bakery_082.jpg,800,500,880,600,product,bakery,1.0,full,1024,768
shelf_full_bakery_083.jpg,100,170,180,270,product,bakery,1.0,full,1024,768
shelf_full_bakery_083.jpg,240,170,320,270,product,bakery,1.0,full,1024,768
shelf_full_bakery_083.jpg,380,170,460,270,product,bakery,1.0,full,1024,768
shelf_full_bakery_083.jpg,520,170,600,270,product,bakery,1.0,full,1024,768
shelf_full_bakery_083.jpg,660,170,740,270,product,bakery,1.0,full,1024,768
shelf_full_bakery_083.jpg,800,170,880,270,product,bakery,1.0,full,1024,768
shelf_full_bakery_083.jpg,100,280,180,380,product,bakery,1.0,full,1024,768
shelf_full_bakery_083.jpg,240,280,320,380,product,bakery,1.0,full,1024,768
shelf_full_bakery_083.jpg,380,280,460,380,product,bakery,1.0,full,1024,768
shelf_full_bakery_083.jpg,520,280,600,380,product,bakery,1.0,full,1024,768
shelf_full_bakery_083.jpg,660,280,740,380,product,bakery,1.0,full,1024,768
shelf_full_bakery_083.jpg,800,280,880,380,product,bakery,1.0,full,1024,768
shelf_full_bakery_083.jpg,100,390,180,490,product,bakery,1.0,full,1024,768
shelf_full_bakery_083.jpg,240,390,320,490,product,bakery,1.0,full,1024,768
shelf_full_bakery_083.jpg,380,390,460,490,product,bakery,1.0,full,1024,768
shelf_full_bakery_083.jpg,520,390,600,490,product,bakery,1.0,full,1024,768
shelf_full_bakery_083.jpg,660,390,740,490,product,bakery,1.0,full,1024,768
shelf_full_bakery_083.jpg,800,390,880,490,product,bakery,1.0,full,1024,768
shelf_full_bakery_083.jpg,100,500,180,600,product,bakery,1.0,full,1024,768
shelf_full_bakery_083.jpg,240,500,320,600,product,bakery,1.0,full,1024,768
shelf_full_bakery_083.jpg,380,500,460,600,product,bakery,1.0,full,1024,768
shelf_full_bakery_083.jpg,520,500,600,600,product,bakery,1.0,full,1024,768
shelf_full_bakery_083.jpg,660,500,740,600,product,bakery,1.0,full,1024,768
shelf_full_bakery_083.jpg,800,500,880,600,product,bakery,1.0,full,1024,768
shelf_half-empty_bakery_084.jpg,120,200,180,280,product,bakery,1.0,half-empty,1024,768
shelf_half-empty_bakery_084.jpg,280,200,340,280,product,bakery,1.0,half-empty,1024,768
shelf_half-empty_bakery_084.jpg,440,200,500,280,product,bakery,1.0,half-empty,1024,768
shelf_half-empty_bakery_084.jpg,600,200,660,280,product,bakery,1.0,half-empty,1024,768
shelf_half-empty_bakery_084.jpg,120,320,180,400,product,bakery,1.0,half-empty,1024,768
shelf_half-empty_bakery_084.jpg,280,320,340,400,product,bakery,1.0,half-empty,1024,768
shelf_half-empty_bakery_084.jpg,440,320,500,400,product,bakery,1.0,half-empty,1024,768
shelf_half-empty_bakery_084.jpg,600,320,660,400,product,bakery,1.0,half-empty,1024,768
shelf_half-empty_bakery_084.jpg,120,440,180,520,product,bakery,1.0,half-empty,1024,768
shelf_half-empty_bakery_085.jpg,120,200,180,280,product,bakery,1.0,half-empty,1024,768
shelf_half-empty_bakery_085.jpg,280,200,340,280,product,bakery,1.0,half-empty,1024,768
shelf_half-empty_bakery_085.jpg,440,200,500,280,product,bakery,1.0,half-empty,1024,768
shelf_half-empty_bakery_085.jpg,600,200,660,280,product,bakery,1.0,half-empty,1024,768
shelf_half-empty_bakery_085.jpg,120,320,180,400,product,bakery,1.0,half-empty,1024,768
shelf_half-empty_bakery_085.jpg,280,320,340,400,product,bakery,1.0,half-empty,1024,768
shelf_half-empty_bakery_085.jpg,440,320,500,400,product,bakery,1.0,half-empty,1024,768
shelf_half-empty_bakery_085.jpg,600,320,660,400,product,bakery,1.0,half-empty,1024,768
shelf_half-empty_bakery_086.jpg,120,200,180,280,product,bakery,1.0,half-empty,1024,768
shelf_half-empty_bakery_086.jpg,280,200,340,280,product,bakery,1.0,half-empty,1024,768
shelf_half-empty_bakery_086.jpg,440,200,500,280,product,bakery,1.0,half-empty,1024,768
shelf_half-empty_bakery_086.jpg,600,200,660,280,product,bakery,1.0,half-empty,1024,768
shelf_half-empty_bakery_086.jpg,120,320,180,400,product,bakery,1.0,half-empty,1024,768
shelf_half-empty_bakery_086.jpg,280,320,340,400,product,bakery,1.0,half-empty,1024,768
shelf_half-empty_bakery_086.jpg,440,320,500,400,product,bakery,1.0,half-empty,1024,768
shelf_half-empty_bakery_086.jpg,600,320,660,400,product,bakery,1.0,half-empty,1024,768
shelf_half-empty_bakery_086.jpg,120,440,180,520,product,bakery,1.0,half-empty,1024,768
shelf_half-empty_bakery_086.jpg,280,440,340,520,product,bakery,1.0,half-empty,1024,768
shelf_half-empty_bakery_086.jpg,440,440,500,520,product,bakery,1.0,half-empty,1024,768
shelf_full_frozen_101.jpg,100,170,180,270,product,frozen,1.0,full,1024,768
shelf_full_frozen_101.jpg,240,170,320,270,product,frozen,1.0,full,1024,768
shelf_full_frozen_101.jpg,380,170,460,270,product,frozen,1.0,full,1024,768
shelf_full_frozen_101.jpg,520,170,600,270,product,frozen,1.0,full,1024,768
shelf_full_frozen_101.jpg,660,170,740,270,product,frozen,1.0,full,1024,768
shelf_full_frozen_101.jpg,800,170,880,270,product,frozen,1.0,full,1024,768
shelf_full_frozen_101.jpg,100,280,180,380,product,frozen,1.0,full,1024,768
shelf_full_frozen_101.jpg,240,280,320,380,product,frozen,1.0,full,1024,768
shelf_full_frozen_101.jpg,380,280,460,380,product,frozen,1.0,full,1024,768
shelf_full_frozen_101.jpg,520,280,600,380,product,frozen,1.0,full,1024,768
shelf_full_frozen_101.jpg,660,280,740,380,product,frozen,1.0,full,1024,768
shelf_full_frozen_101.jpg,800,280,880,380,product,frozen,1.0,full,1024,768
shelf_full_frozen_101.jpg,100,390,180,490,product,frozen,1.0,full,1024,768
shelf_full_frozen_101.jpg,240,390,320,490,product,frozen,1.0,full,1024,768
shelf_full_frozen_101.jpg,380,390,460,490,product,frozen,1.0,full,1024,768
shelf_full_frozen_101.jpg,520,390,600,490,product,frozen,1.0,full,1024,768
shelf_full_frozen_101.jpg,660,390,740,490,product,frozen,1.0,full,1024,768
shelf_full_frozen_101.jpg,800,390,880,490,product,frozen,1.0,full,1024,768
shelf_full_frozen_101.jpg,100,500,180,600,product,frozen,1.0,full,1024,768
shelf_full_frozen_101.jpg,240,500,320,600,product,frozen,1.0,full,1024,768
shelf_full_frozen_101.jpg,380,500,460,600,product,frozen,1.0,full,1024,768
shelf_full_frozen_101.jpg,520,500,600,600,product,frozen,1.0,full,1024,768
shelf_full_frozen_101.jpg,660,500,740,600,product,frozen,1.0,full,1024,768
shelf_full_frozen_102.jpg,100,170,180,270,product,frozen,1.0,full,1024,768
shelf_full_frozen_102.jpg,240,170,320,270,product,frozen,1.0,full,1024,768
shelf_full_frozen_102.jpg,380,170,460,270,product,frozen,1.0,full,1024,768
shelf_full_frozen_102.jpg,520,170,600,270,product,frozen,1.0,full,1024,768
shelf_full_frozen_102.jpg,660,170,740,270,product,frozen,1.0,full,1024,768
shelf_full_frozen_102.jpg,800,170,880,270,product,frozen,1.0,full,1024,768
shelf_full_frozen_102.jpg,100,280,180,380,product,frozen,1.0,full,1024,768
shelf_full_frozen_102.jpg,240,280,320,380,product,frozen,1.0,full,1024,768
shelf_full_frozen_102.jpg,380,280,460,380,product,frozen,1.0,full,1024,768
shelf_full_frozen_102.jpg,520,280,600,380,product,frozen,1.0,full,1024,768
shelf_full_frozen_102.jpg,660,280,740,380,product,frozen,1.0,full,1024,768
shelf_full_frozen_102.jpg,800,280,880,380,product,frozen,1.0,full,1024,768
shelf_full_frozen_102.jpg,100,390,180,490,product,frozen,1.0,full,1024,768
shelf_full_frozen_102.jpg,240,390,320,490,product,frozen,1.0,full,1024,768
shelf_full_frozen_102.jpg,380,390,460,490,product,frozen,1.0,full,1024,768
shelf_full_frozen_102.jpg,520,390,600,490,product,frozen,1.0,full,1024,768
shelf_full_frozen_102.jpg,660,390,740,490,product,frozen,1.0,full,1024,768
shelf_full_frozen_102.jpg,800,390,880,490,product,frozen,1.0,full,1024,768
shelf_full_frozen_102.jpg,100,500,180,600,product,frozen,1.0,full,1024,768
shelf_full_frozen_102.jpg,240,500,320,600,product,frozen,1.0,full,1024,768
shelf_full_frozen_102.jpg,380,500,460,600,product,frozen,1.0,full,1024,768
shelf_full_frozen_102.jpg,520,500,600,600,product,frozen,1.0,full,1024,768
shelf_full_frozen_102.jpg,660,500,740,600,product,frozen,1.0,full,1024,768
shelf_full_frozen_103.jpg,100,170,180,270,product,frozen,1.0,full,1024,768
shelf_full_frozen_103.jpg,240,170,320,270,product,frozen,1.0,full,1024,768
shelf_full_frozen_103.jpg,380,170,460,270,product,frozen,1.0,full,1024,768
shelf_full_frozen_103.jpg,520,170,600,270,product,frozen,1.0,full,1024,768
shelf_full_frozen_103.jpg,660,170,740,270,product,frozen,1.0,full,1024,768
shelf_full_frozen_103.jpg,800,170,880,270,product,frozen,1.0,full,1024,768
shelf_full_frozen_103.jpg,100,280,180,380,product,frozen,1.0,full,1024,768
shelf_full_frozen_103.jpg,240,280,320,380,product,frozen,1.0,full,1024,768
shelf_full_frozen_103.jpg,380,280,460,380,product,frozen,1.0,full,1024,768
shelf_full_frozen_103.jpg,520,280,600,380,product,frozen,1.0,full,1024,768
shelf_full_frozen_103.jpg,660,280,740,380,product,frozen,1.0,full,1024,768
shelf_full_frozen_103.jpg,800,280,880,380,product,frozen,1.0,full,1024,768
shelf_full_frozen_103.jpg,100,390,180,490,product,frozen,1.0,full,1024,768
shelf_full_frozen_103.jpg,240,390,320,490,product,frozen,1.0,full,1024,768
shelf_full_frozen_103.jpg,380,390,460,490,product,frozen,1.0,full,1024,768
shelf_full_frozen_103.jpg,520,390,600,490,product,frozen,1.0,full,1024,768
shelf_full_frozen_103.jpg,660,390,740,490,product,frozen,1.0,full,1024,768
shelf_full_frozen_103.jpg,800,390,880,490,product,frozen,1.0,full,1024,768
shelf_full_frozen_103.jpg,100,500,180,600,product,frozen,1.0,full,1024,768
shelf_full_frozen_103.jpg,240,500,320,600,product,frozen,1.0,full,1024,768
shelf_full_frozen_103.jpg,380,500,460,600,product,frozen,1.0,full,1024,768
shelf_full_frozen_103.jpg,520,500,600,600,product,frozen,1.0,full,1024,768
shelf_full_frozen_103.jpg,660,500,740,600,product,frozen,1.0,full,1024,768
shelf_full_frozen_103.jpg,800,500,880,600,product,frozen,1.0,full,1024,768
shelf_half-empty_frozen_104.jpg,120,200,180,280,product,frozen,1.0,half-empty,1024,768
shelf_half-empty_frozen_104.jpg,280,200,340,280,product,frozen,1.0,half-empty,1024,768
shelf_half-empty_frozen_104.jpg,440,200,500,280,product,frozen,1.0,half-empty,1024,768
shelf_half-empty_frozen_104.jpg,600,200,660,280,product,frozen,1.0,half-empty,1024,768
shelf_half-empty_frozen_104.jpg,120,320,180,400,product,frozen,1.0,half-empty,1024,768
shelf_half-empty_frozen_104.jpg,280,320,340,400,product,frozen,1.0,half-empty,1024,768
shelf_half-empty_frozen_104.jpg,440,320,500,400,product,frozen,1.0,half-empty,1024,768
shelf_half-empty_frozen_104.jpg,600,320,660,400,product,frozen,1.0,half-empty,1024,768
shelf_half-empty_frozen_104.jpg,120,440,180,520,product,frozen,1.0,half-empty,1024,768
shelf_half-empty_frozen_104.jpg,280,440,340,520,product,frozen,1.0,half-empty,1024,768
shelf_half-empty_frozen_104.jpg,440,440,500,520,product,frozen,1.0,half-empty,1024,768
shelf_half-empty_frozen_104.jpg,600,440,660,520,product,frozen,1.0,half-empty,1024,768
shelf_half-empty_frozen_105.jpg,120,200,180,280,product,frozen,1.0,half-empty,1024,768
shelf_half-empty_frozen_105.jpg,280,200,340,280,product,frozen,1.0,half-empty,1024,768
shelf_half-empty_frozen_105.jpg,440,200,500,280,product,frozen,1.0,half-empty,1024,768
shelf_half-empty_frozen_105.jpg,600,200,660,280,product,frozen,1.0,half-empty,1024,768
shelf_half-empty_frozen_105.jpg,120,320,180,400,product,frozen,1.0,half-empty,1024,768
shelf_half-empty_frozen_105.jpg,280,320,340,400,product,frozen,1.0,half-empty,1024,768
shelf_half-empty_frozen_105.jpg,440,320,500,400,product,frozen,1.0,half-empty,1024,768
shelf_half-empty_frozen_105.jpg,600,320,660,400,product,frozen,1.0,half-empty,1024,768
shelf_half-empty_frozen_105.jpg,120,440,180,520,product,frozen,1.0,half-empty,1024,768
shelf_half-empty_frozen_105.jpg,280,440,340,520,product,frozen,1.0,half-empty,1024,768
shelf_half-empty_frozen_105.jpg,440,440,500,520,product,frozen,1.0,half-empty,1024,768
shelf_half-empty_frozen_106.jpg,120,200,180,280,product,frozen,1.0,half-empty,1024,768
shelf_half-empty_frozen_106.jpg,280,200,340,280,product,frozen,1.0,half-empty,1024,768
shelf_half-empty_frozen_106.jpg,440,200,500,280,product,frozen,1.0,half-empty,1024,768
shelf_half-empty_frozen_106.jpg,600,200,660,280,product,frozen,1.0,half-empty,1024,768
shelf_half-empty_frozen_106.jpg,120,320,180,400,product,frozen,1.0,half-empty,1024,768
shelf_half-empty_frozen_106.jpg,280,320,340,400,product,frozen,1.0,half-empty,1024,768
shelf_half-empty_frozen_106.jpg,440,320,500,400,product,frozen,1.0,half-empty,1024,768
shelf_half-empty_frozen_106.jpg,600,320,660,400,product,frozen,1.0,half-empty,1024,768
shelf_half-empty_frozen_106.jpg,120,440,180,520,product,frozen,1.0,half-empty,1024,768
shelf_half-empty_frozen_106.jpg,280,440,340,520,product,frozen,1.0,half-empty,1024,768
shelf_full_canned_121.jpg,100,170,180,270,product,canned,1.0,full,1024,768
shelf_full_canned_121.jpg,240,170,320,270,product,canned,1.0,full,1024,768
shelf_full_canned_121.jpg,380,170,460,270,product,canned,1.0,full,1024,768
shelf_full_canned_121.jpg,520,170,600,270,product,canned,1.0,full,1024,768
shelf_full_canned_121.jpg,660,170,740,270,product,canned,1.0,full,1024,768
shelf_full_canned_121.jpg,800,170,880,270,product,canned,1.0,full,1024,768
shelf_full_canned_121.jpg,100,280,180,380,product,canned,1.0,full,1024,768
shelf_full_canned_121.jpg,240,280,320,380,product,canned,1.0,full,1024,768
shelf_full_canned_121.jpg,380,280,460,380,product,canned,1.0,full,1024,768
shelf_full_canned_121.jpg,520,280,600,380,product,canned,1.0,full,1024,768
shelf_full_canned_121.jpg,660,280,740,380,product,canned,1.0,full,1024,768
shelf_full_canned_121.jpg,800,280,880,380,product,canned,1.0,full,1024,768
shelf_full_canned_121.jpg,100,390,180,490,product,canned,1.0,full,1024,768
shelf_full_canned_121.jpg,240,390,320,490,product,canned,1.0,full,1024,768
shelf_full_canned_121.jpg,380,390,460,490,product,canned,1.0,full,1024,768
shelf_full_canned_121.jpg,520,390,600,490,product,canned,1.0,full,1024,768
shelf_full_canned_121.jpg,660,390,740,490,product,canned,1.0,full,1024,768
shelf_full_canned_121.jpg,800,390,880,490,product,canned,1.0,full,1024,768
shelf_full_canned_121.jpg,100,500,180,600,product,canned,1.0,full,1024,768
shelf_full_canned_121.jpg,240,500,320,600,product,canned,1.0,full,1024,768
shelf_full_canned_121.jpg,380,500,460,600,product,canned,1.0,full,1024,768
shelf_full_canned_121.jpg,520,500,600,600,product,canned,1.0,full,1024,768
shelf_full_canned_121.jpg,660,500,740,600,product,canned,1.0,full,1024,768
shelf_full_canned_121.jpg,800,500,880,600,product,canned,1.0,full,1024,768
shelf_full_canned_122.jpg,100,170,180,270,product,canned,1.0,full,1024,768
shelf_full_canned_122.jpg,240,170,320,270,product,canned,1.0,full,1024,768
shelf_full_canned_122.jpg,380,170,460,270,product,canned,1.0,full,1024,768
shelf_full_canned_122.jpg,520,170,600,270,product,canned,1.0,full,1024,768
shelf_full_canned_122.jpg,660,170,740,270,product,canned,1.0,full,1024,768
shelf_full_canned_122.jpg,800,170,880,270,product,canned,1.0,full,1024,768
shelf_full_canned_122.jpg,100,280,180,380,product,canned,1.0,full,1024,768
shelf_full_canned_122.jpg,240,280,320,380,product,canned,1.0,full,1024,768
shelf_full_canned_122.jpg,380,280,460,380,product,canned,1.0,full,1024,768
shelf_full_canned_122.jpg,520,280,600,380,product,canned,1.0,full,1024,768
shelf_full_canned_122.jpg,660,280,740,380,product,canned,1.0,full,1024,768
shelf_full_canned_122.jpg,800,280,880,380,product,canned,1.0,full,1024,768
shelf_full_canned_122.jpg,100,390,180,490,product,canned,1.0,full,1024,768
shelf_full_canned_122.jpg,240,390,320,490,product,canned,1.0,full,1024,768
shelf_full_canned_122.jpg,380,390,460,490,product,canned,1.0,full,1024,768
shelf_full_canned_122.jpg,520,390,600,490,product,canned,1.0,full,1024,768
shelf_full_canned_122.jpg,660,390,740,490,product,canned,1.0,full,1024,768
shelf_full_canned_122.jpg,800,390,880,490,product,canned,1.0,full,1024,768
shelf_full_canned_122.jpg,100,500,180,600,product,canned,1.0,full,1024,768
shelf_full_canned_122.jpg,240,500,320,600,product,canned,1.0,full,1024,768
shelf_full_canned_122.jpg,380,500,460,600,product,canned,1.0,full,1024,768
shelf_full_canned_122.jpg,520,500,600,600,product,canned,1.0,full,1024,768
shelf_full_canned_122.jpg,660,500,740,600,product,canned,1.0,full,1024,768
shelf_full_canned_122.jpg,800,500,880,600,product,canned,1.0,full,1024,768
shelf_full_canned_123.jpg,100,170,180,270,product,canned,1.0,full,1024,768
shelf_full_canned_123.jpg,240,170,320,270,product,canned,1.0,full,1024,768
shelf_full_canned_123.jpg,380,170,460,270,product,canned,1.0,full,1024,768
shelf_full_canned_123.jpg,520,170,600,270,product,canned,1.0,full,1024,768
shelf_full_canned_123.jpg,660,170,740,270,product,canned,1.0,full,1024,768
shelf_full_canned_123.jpg,800,170,880,270,product,canned,1.0,full,1024,768
shelf_full_canned_123.jpg,100,280,180,380,product,canned,1.0,full,1024,768
shelf_full_canned_123.jpg,240,280,320,380,product,canned,1.0,full,1024,768
shelf_full_canned_123.jpg,380,280,460,380,product,canned,1.0,full,1024,768
shelf_full_canned_123.jpg,520,280,600,380,product,canned,1.0,full,1024,768
shelf_full_canned_123.jpg,660,280,740,380,product,canned,1.0,full,1024,768
shelf_full_canned_123.jpg,800,280,880,380,product,canned,1.0,full,1024,768
shelf_full_canned_123.jpg,100,390,180,490,product,canned,1.0,full,1024,768
shelf_full_canned_123.jpg,240,390,320,490,product,canned,1.0,full,1024,768
shelf_full_canned_123.jpg,380,390,460,490,product,canned,1.0,full,1024,768
shelf_full_canned_123.jpg,520,390,600,490,product,canned,1.0,full,1024,768
shelf_full_canned_123.jpg,660,390,740,490,product,canned,1.0,full,1024,768
shelf_full_canned_123.jpg,800,390,880,490,product,canned,1.0,full,1024,768
shelf_full_canned_123.jpg,100,500,180,600,product,canned,1.0,full,1024,768
shelf_full_canned_123.jpg,240,500,320,600,product,canned,1.0,full,1024,768
shelf_full_canned_123.jpg,380,500,460,600,product,canned,1.0,full,1024,768
shelf_full_canned_123.jpg,520,500,600,600,product,canned,1.0,full,1024,768
shelf_full_canned_123.jpg,660,500,740,600,product,canned,1.0,full,1024,768
shelf_full_canned_123.jpg,800,500,880,600,product,canned,1.0,full,1024,768
shelf_half-empty_canned_124.jpg,120,200,180,280,product,canned,1.0,half-empty,1024,768
shelf_half-empty_canned_124.jpg,280,200,340,280,product,canned,1.0,half-empty,1024,768
shelf_half-empty_canned_124.jpg,440,200,500,280,product,canned,1.0,half-empty,1024,768
shelf_half-empty_canned_124.jpg,600,200,660,280,product,canned,1.0,half-empty,1024,768
shelf_half-empty_canned_124.jpg,120,320,180,400,product,canned,1.0,half-empty,1024,768
shelf_half-empty_canned_124.jpg,280,320,340,400,product,canned,1.0,half-empty,1024,768
shelf_half-empty_canned_124.jpg,440,320,500,400,product,canned,1.0,half-empty,1024,768
shelf_half-empty_canned_124.jpg,600,320,660,400,product,canned,1.0,half-empty,1024,768
shelf_half-empty_canned_124.jpg,120,440,180,520,product,canned,1.0,half-empty,1024,768
shelf_half-empty_canned_124.jpg,280,440,340,520,product,canned,1.0,half-empty,1024,768
shelf_half-empty_canned_124.jpg,440,440,500,520,product,canned,1.0,half-empty,1024,768
shelf_half-empty_canned_125.jpg,120,200,180,280,product,canned,1.0,half-empty,1024,768
shelf_half-empty_canned_125.jpg,280,200,340,280,product,canned,1.0,half-empty,1024,768
shelf_half-empty_canned_125.jpg,440,200,500,280,product,canned,1.0,half-empty,1024,768
shelf_half-empty_canned_125.jpg,600,200,660,280,product,canned,1.0,half-empty,1024,768
shelf_half-empty_canned_125.jpg,120,320,180,400,product,canned,1.0,half-empty,1024,768
shelf_half-empty_canned_125.jpg,280,320,340,400,product,canned,1.0,half-empty,1024,768
shelf_half-empty_canned_125.jpg,440,320,500,400,product,canned,1.0,half-empty,1024,768
shelf_half-empty_canned_125.jpg,600,320,660,400,product,canned,1.0,half-empty,1024,768
shelf_half-empty_canned_125.jpg,120,440,180,520,product,canned,1.0,half-empty,1024,768
shelf_half-empty_canned_125.jpg,280,440,340,520,product,canned,1.0,half-empty,1024,768
shelf_half-empty_canned_125.jpg,440,440,500,520,product,canned,1.0,half-empty,1024,768
shelf_half-empty_canned_125.jpg,600,440,660,520,product,canned,1.0,half-empty,1024,768
shelf_half-empty_canned_126.jpg,120,200,180,280,product,canned,1.0,half-empty,1024,768
shelf_half-empty_canned_126.jpg,280,200,340,280,product,canned,1.0,half-empty,1024,768
shelf_half-empty_canned_126.jpg,440,200,500,280,product,canned,1.0,half-empty,1024,768
shelf_half-empty_canned_126.jpg,600,200,660,280,product,canned,1.0,half-empty,1024,768
shelf_half-empty_canned_126.jpg,120,320,180,400,product,canned,1.0,half-empty,1024,768
shelf_half-empty_canned_126.jpg,280,320,340,400,product,canned,1.0,half-empty,1024,768
shelf_half-empty_canned_126.jpg,440,320,500,400,product,canned,1.0,half-empty,1024,768
shelf_half-empty_canned_126.jpg,600,320,660,400,product,canned,1.0,half-empty,1024,768
shelf_half-empty_canned_126.jpg,120,440,180,520,product,canned,1.0,half-empty,1024,768
shelf_full_produce_141.jpg,100,170,180,270,product,produce,1.0,full,1024,768
shelf_full_produce_141.jpg,240,170,320,270,product,produce,1.0,full,1024,768
shelf_full_produce_141.jpg,380,170,460,270,product,produce,1.0,full,1024,768
shelf_full_produce_141.jpg,520,170,600,270,product,produce,1.0,full,1024,768
shelf_full_produce_141.jpg,660,170,740,270,product,produce,1.0,full,1024,768
shelf_full_produce_141.jpg,800,170,880,270,product,produce,1.0,full,1024,768
shelf_full_produce_141.jpg,100,280,180,380,product,produce,1.0,full,1024,768
shelf_full_produce_141.jpg,240,280,320,380,product,produce,1.0,full,1024,768
shelf_full_produce_141.jpg,380,280,460,380,product,produce,1.0,full,1024,768
shelf_full_produce_141.jpg,520,280,600,380,product,produce,1.0,full,1024,768
shelf_full_produce_141.jpg,660,280,740,380,product,produce,1.0,full,1024,768
shelf_full_produce_141.jpg,800,280,880,380,product,produce,1.0,full,1024,768
shelf_full_produce_141.jpg,100,390,180,490,product,produce,1.0,full,1024,768
shelf_full_produce_141.jpg,240,390,320,490,product,produce,1.0,full,1024,768
shelf_full_produce_141.jpg,380,390,460,490,product,produce,1.0,full,1024,768
shelf_full_produce_141.jpg,520,390,600,490,product,produce,1.0,full,1024,768
shelf_full_produce_141.jpg,660,390,740,490,product,produce,1.0,full,1024,768
shelf_full_produce_141.jpg,800,390,880,490,product,produce,1.0,full,1024,768
shelf_full_produce_141.jpg,100,500,180,600,product,produce,1.0,full,1024,768
shelf_full_produce_141.jpg,240,500,320,600,product,produce,1.0,full,1024,768
shelf_full_produce_142.jpg,100,170,180,270,product,produce,1.0,full,1024,768
shelf_full_produce_142.jpg,240,170,320,270,product,produce,1.0,full,1024,768
shelf_full_produce_142.jpg,380,170,460,270,product,produce,1.0,full,1024,768
shelf_full_produce_142.jpg,520,170,600,270,product,produce,1.0,full,1024,768
shelf_full_produce_142.jpg,660,170,740,270,product,produce,1.0,full,1024,768
shelf_full_produce_142.jpg,800,170,880,270,product,produce,1.0,full,1024,768
shelf_full_produce_142.jpg,100,280,180,380,product,produce,1.0,full,1024,768
shelf_full_produce_142.jpg,240,280,320,380,product,produce,1.0,full,1024,768
shelf_full_produce_142.jpg,380,280,460,380,product,produce,1.0,full,1024,768
shelf_full_produce_142.jpg,520,280,600,380,product,produce,1.0,full,1024,768
shelf_full_produce_142.jpg,660,280,740,380,product,produce,1.0,full,1024,768
shelf_full_produce_142.jpg,800,280,880,380,product,produce,1.0,full,1024,768
shelf_full_produce_142.jpg,100,390,180,490,product,produce,1.0,full,1024,768
shelf_full_produce_142.jpg,240,390,320,490,product,produce,1.0,full,1024,768
shelf_full_produce_142.jpg,380,390,460,490,product,produce,1.0,full,1024,768
shelf_full_produce_142.jpg,520,390,600,490,product,produce,1.0,full,1024,768
shelf_full_produce_142.jpg,660,390,740,490,product,produce,1.0,full,1024,768
shelf_full_produce_142.jpg,800,390,880,490,product,produce,1.0,full,1024,768
shelf_full_produce_142.jpg,100,500,180,600,product,produce,1.0,full,1024,768
shelf_full_produce_142.jpg,240,500,320,600,product,produce,1.0,full,1024,768
shelf_full_produce_142.jpg,380,500,460,600,product,produce,1.0,full,1024,768
shelf_full_produce_143.jpg,100,170,180,270,product,produce,1.0,full,1024,768
shelf_full_produce_143.jpg,240,170,320,270,product,produce,1.0,full,1024,768
shelf_full_produce_143.jpg,380,170,460,270,product,produce,1.0,full,1024,768
shelf_full_produce_143.jpg,520,170,600,270,product,produce,1.0,full,1024,768
shelf_full_produce_143.jpg,660,170,740,270,product,produce,1.0,full,1024,768
shelf_full_produce_143.jpg,800,170,880,270,product,produce,1.0,full,1024,768
shelf_full_produce_143.jpg,100,280,180,380,product,produce,1.0,full,1024,768
shelf_full_produce_143.jpg,240,280,320,380,product,produce,1.0,full,1024,768
shelf_full_produce_143.jpg,380,280,460,380,product,produce,1.0,full,1024,768
shelf_full_produce_143.jpg,520,280,600,380,product,produce,1.0,full,1024,768
shelf_full_produce_143.jpg,660,280,740,380,product,produce,1.0,full,1024,768
shelf_full_produce_143.jpg,800,280,880,380,product,produce,1.0,full,1024,768
shelf_full_produce_143.jpg,100,390,180,490,product,produce,1.0,full,1024,768
shelf_full_produce_143.jpg,240,390,320,490,product,produce,1.0,full,1024,768
shelf_full_produce_143.jpg,380,390,460,490,product,produce,1.0,full,1024,768
shelf_full_produce_143.jpg,520,390,600,490,product,produce,1.0,full,1024,768
shelf_full_produce_143.jpg,660,390,740,490,product,produce,1.0,full,1024,768
shelf_full_produce_143.jpg,800,390,880,490,product,produce,1.0,full,1024,768
shelf_full_produce_143.jpg,100,500,180,600,product,produce,1.0,full,1024,768
shelf_full_produce_143.jpg,240,500,320,600,product,produce,1.0,full,1024,768
shelf_full_produce_143.jpg,380,500,460,600,product,produce,1.0,full,1024,768
shelf_full_produce_143.jpg,520,500,600,600,product,produce,1.0,full,1024,768
shelf_full_produce_143.jpg,660,500,740,600,product,produce,1.0,full,1024,768
shelf_half-empty_produce_144.jpg,120,200,180,280,product,produce,1.0,half-empty,1024,768
shelf_half-empty_produce_144.jpg,280,200,340,280,product,produce,1.0,half-empty,1024,768
shelf_half-empty_produce_144.jpg,440,200,500,280,product,produce,1.0,half-empty,1024,768
shelf_half-empty_produce_144.jpg,600,200,660,280,product,produce,1.0,half-empty,1024,768
shelf_half-empty_produce_144.jpg,120,320,180,400,product,produce,1.0,half-empty,1024,768
shelf_half-empty_produce_144.jpg,280,320,340,400,product,produce,1.0,half-empty,1024,768
shelf_half-empty_produce_144.jpg,440,320,500,400,product,produce,1.0,half-empty,1024,768
shelf_half-empty_produce_144.jpg,600,320,660,400,product,produce,1.0,half-empty,1024,768
shelf_half-empty_produce_144.jpg,120,440,180,520,product,produce,1.0,half-empty,1024,768
shelf_half-empty_produce_144.jpg,280,440,340,520,product,produce,1.0,half-empty,1024,768
shelf_half-empty_produce_145.jpg,120,200,180,280,product,produce,1.0,half-empty,1024,768
shelf_half-empty_produce_145.jpg,280,200,340,280,product,produce,1.0,half-empty,1024,768
shelf_half-empty_produce_145.jpg,440,200,500,280,product,produce,1.0,half-empty,1024,768
shelf_half-empty_produce_145.jpg,600,200,660,280,product,produce,1.0,half-empty,1024,768
shelf_half-empty_produce_145.jpg,120,320,180,400,product,produce,1.0,half-empty,1024,768
shelf_half-empty_produce_145.jpg,280,320,340,400,product,produce,1.0,half-empty,1024,768
shelf_half-empty_produce_145.jpg,440,320,500,400,product,produce,1.0,half-empty,1024,768
shelf_half-empty_produce_145.jpg,600,320,660,400,product,produce,1.0,half-empty,1024,768
shelf_half-empty_produce_145.jpg,120,440,180,520,product,produce,1.0,half-empty,1024,768
shelf_half-empty_produce_145.jpg,280,440,340,520,product,produce,1.0,half-empty,1024,768
shelf_half-empty_produce_145.jpg,440,440,500,520,product,produce,1.0,half-empty,1024,768
shelf_half-empty_produce_145.jpg,600,440,660,520,product,produce,1.0,half-empty,1024,768
shelf_half-empty_produce_146.jpg,120,200,180,280,product,produce,1.0,half-empty,1024,768
shelf_half-empty_produce_146.jpg,280,200,340,280,product,produce,1.0,half-empty,1024,768
shelf_half-empty_produce_146.jpg,440,200,500,280,product,produce,1.0,half-empty,1024,768
shelf_half-empty_produce_146.jpg,600,200,660,280,product,produce,1.0,half-empty,1024,768
shelf_half-empty_produce_146.jpg,120,320,180,400,product,produce,1.0,half-empty,1024,768
shelf_half-empty_produce_146.jpg,280,320,340,400,product,produce,1.0,half-empty,1024,768
shelf_half-empty_produce_146.jpg,440,320,500,400,product,produce,1.0,half-empty,1024,768
shelf_half-empty_produce_146.jpg,600,320,660,400,product,produce,1.0,half-empty,1024,768
shelf_half-empty_produce_146.jpg,120,440,180,520,product,produce,1.0,half-empty,1024,768
shelf_half-empty_produce_146.jpg,280,440,340,520,product,produce,1.0,half-empty,1024,768
shelf_half-empty_produce_146.jpg,440,440,500,520,product,produce,1.0,half-empty,1024,768
shelf_half-empty_produce_146.jpg,600,440,660,520,product,produce,1.0,half-empty,1024,768
shelf_full_meat_161.jpg,100,170,180,270,product,meat,1.0,full,1024,768
shelf_full_meat_161.jpg,240,170,320,270,product,meat,1.0,full,1024,768
shelf_full_meat_161.jpg,380,170,460,270,product,meat,1.0,full,1024,768
shelf_full_meat_161.jpg,520,170,600,270,product,meat,1.0,full,1024,768
shelf_full_meat_161.jpg,660,170,740,270,product,meat,1.0,full,1024,768
shelf_full_meat_161.jpg,800,170,880,270,product,meat,1.0,full,1024,768
shelf_full_meat_161.jpg,100,280,180,380,product,meat,1.0,full,1024,768
shelf_full_meat_161.jpg,240,280,320,380,product,meat,1.0,full,1024,768
shelf_full_meat_161.jpg,380,280,460,380,product,meat,1.0,full,1024,768
shelf_full_meat_161.jpg,520,280,600,380,product,meat,1.0,full,1024,768
shelf_full_meat_161.jpg,660,280,740,380,product,meat,1.0,full,1024,768
shelf_full_meat_161.jpg,800,280,880,380,product,meat,1.0,full,1024,768
shelf_full_meat_161.jpg,100,390,180,490,product,meat,1.0,full,1024,768
shelf_full_meat_161.jpg,240,390,320,490,product,meat,1.0,full,1024,768
shelf_full_meat_161.jpg,380,390,460,490,product,meat,1.0,full,1024,768
shelf_full_meat_161.jpg,520,390,600,490,product,meat,1.0,full,1024,768
shelf_full_meat_161.jpg,660,390,740,490,product,meat,1.0,full,1024,768
shelf_full_meat_161.jpg,800,390,880,490,product,meat,1.0,full,1024,768
shelf_full_meat_161.jpg,100,500,180,600,product,meat,1.0,full,1024,768
shelf_full_meat_161.jpg,240,500,320,600,product,meat,1.0,full,1024,768
shelf_full_meat_161.jpg,380,500,460,600,product,meat,1.0,full,1024,768
shelf_full_meat_161.jpg,520,500,600,600,product,meat,1.0,full,1024,768
shelf_full_meat_162.jpg,100,170,180,270,product,meat,1.0,full,1024,768
shelf_full_meat_162.jpg,240,170,320,270,product,meat,1.0,full,1024,768
shelf_full_meat_162.jpg,380,170,460,270,product,meat,1.0,full,1024,768
shelf_full_meat_162.jpg,520,170,600,270,product,meat,1.0,full,1024,768
shelf_full_meat_162.jpg,660,170,740,270,product,meat,1.0,full,1024,768
shelf_full_meat_162.jpg,800,170,880,270,product,meat,1.0,full,1024,768
shelf_full_meat_162.jpg,100,280,180,380,product,meat,1.0,full,1024,768
shelf_full_meat_162.jpg,240,280,320,380,product,meat,1.0,full,1024,768
shelf_full_meat_162.jpg,380,280,460,380,product,meat,1.0,full,1024,768
shelf_full_meat_162.jpg,520,280,600,380,product,meat,1.0,full,1024,768
shelf_full_meat_162.jpg,660,280,740,380,product,meat,1.0,full,1024,768
shelf_full_meat_162.jpg,800,280,880,380,product,meat,1.0,full,1024,768
shelf_full_meat_162.jpg,100,390,180,490,product,meat,1.0,full,1024,768
shelf_full_meat_162.jpg,240,390,320,490,product,meat,1.0,full,1024,768
shelf_full_meat_162.jpg,380,390,460,490,product,meat,1.0,full,1024,768
shelf_full_meat_162.jpg,520,390,600,490,product,meat,1.0,full,1024,768
shelf_full_meat_162.jpg,660,390,740,490,product,meat,1.0,full,1024,768
shelf_full_meat_162.jpg,800,390,880,490,product,meat,1.0,full,1024,768
shelf_full_meat_162.jpg,100,500,180,600,product,meat,1.0,full,1024,768
shelf_full_meat_162.jpg,240,500,320,600,product,meat,1.0,full,1024,768
shelf_full_meat_163.jpg,100,170,180,270,product,meat,1.0,full,1024,768
shelf_full_meat_163.jpg,240,170,320,270,product,meat,1.0,full,1024,768
shelf_full_meat_163.jpg,380,170,460,270,product,meat,1.0,full,1024,768
shelf_full_meat_163.jpg,520,170,600,270,product,meat,1.0,full,1024,768
shelf_full_meat_163.jpg,660,170,740,270,product,meat,1.0,full,1024,768
shelf_full_meat_163.jpg,800,170,880,270,product,meat,1.0,full,1024,768
shelf_full_meat_163.jpg,100,280,180,380,product,meat,1.0,full,1024,768
shelf_full_meat_163.jpg,240,280,320,380,product,meat,1.0,full,1024,768
shelf_full_meat_163.jpg,380,280,460,380,product,meat,1.0,full,1024,768
shelf_full_meat_163.jpg,520,280,600,380,product,meat,1.0,full,1024,768
shelf_full_meat_163.jpg,660,280,740,380,product,meat,1.0,full,1024,768
shelf_full_meat_163.jpg,800,280,880,380,product,meat,1.0,full,1024,768
shelf_full_meat_163.jpg,100,390,180,490,product,meat,1.0,full,1024,768
shelf_full_meat_163.jpg,240,390,320,490,product,meat,1.0,full,1024,768
shelf_full_meat_163.jpg,380,390,460,490,product,meat,1.0,full,1024,768
shelf_full_meat_163.jpg,520,390,600,490,product,meat,1.0,full,1024,768
shelf_full_meat_163.jpg,660,390,740,490,product,meat,1.0,full,1024,768
shelf_full_meat_163.jpg,800,390,880,490,product,meat,1.0,full,1024,768
shelf_full_meat_163.jpg,100,500,180,600,product,meat,1.0,full,1024,768
shelf_full_meat_163.jpg,240,500,320,600,product,meat,1.0,full,1024,768
shelf_full_meat_163.jpg,380,500,460,600,product,meat,1.0,full,1024,768
shelf_full_meat_163.jpg,520,500,600,600,product,meat,1.0,full,1024,768
shelf_full_meat_163.jpg,660,500,740,600,product,meat,1.0,full,1024,768
shelf_full_meat_163.jpg,800,500,880,600,product,meat,1.0,full,1024,768
shelf_half-empty_meat_164.jpg,120,200,180,280,product,meat,1.0,half-empty,1024,768
shelf_half-empty_meat_164.jpg,280,200,340,280,product,meat,1.0,half-empty,1024,768
shelf_half-empty_meat_164.jpg,440,200,500,280,product,meat,1.0,half-empty,1024,768
shelf_half-empty_meat_164.jpg,600,200,660,280,product,meat,1.0,half-empty,1024,768
shelf_half-empty_meat_164.jpg,120,320,180,400,product,meat,1.0,half-empty,1024,768
shelf_half-empty_meat_164.jpg,280,320,340,400,product,meat,1.0,half-empty,1024,768
shelf_half-empty_meat_164.jpg,440,320,500,400,product,meat,1.0,half-empty,1024,768
shelf_half-empty_meat_164.jpg,600,320,660,400,product,meat,1.0,half-empty,1024,768
shelf_half-empty_meat_164.jpg,120,440,180,520,product,meat,1.0,half-empty,1024,768
shelf_half-empty_meat_164.jpg,280,440,340,520,product,meat,1.0,half-empty,1024,768
shelf_half-empty_meat_164.jpg,440,440,500,520,product,meat,1.0,half-empty,1024,768
shelf_half-empty_meat_165.jpg,120,200,180,280,product,meat,1.0,half-empty,1024,768
shelf_half-empty_meat_165.jpg,280,200,340,280,product,meat,1.0,half-empty,1024,768
shelf_half-empty_meat_165.jpg,440,200,500,280,product,meat,1.0,half-empty,1024,768
shelf_half-empty_meat_165.jpg,600,200,660,280,product,meat,1.0,half-empty,1024,768
shelf_half-empty_meat_165.jpg,120,320,180,400,product,meat,1.0,half-empty,1024,768
shelf_half-empty_meat_165.jpg,280,320,340,400,product,meat,1.0,half-empty,1024,768
shelf_half-empty_meat_165.jpg,440,320,500,400,product,meat,1.0,half-empty,1024,768
shelf_half-empty_meat_165.jpg,600,320,660,400,product,meat,1.0,half-empty,1024,768
shelf_half-empty_meat_165.jpg,120,440,180,520,product,meat,1.0,half-empty,1024,768
shelf_half-empty_meat_165.jpg,280,440,340,520,product,meat,1.0,half-empty,1024,768
shelf_half-empty_meat_165.jpg,440,440,500,520,product,meat,1.0,half-empty,1024,768
shelf_half-empty_meat_165.jpg,600,440,660,520,product,meat,1.0,half-empty,1024,768
shelf_half-empty_meat_166.jpg,120,200,180,280,product,meat,1.0,half-empty,1024,768
shelf_half-empty_meat_166.jpg,280,200,340,280,product,meat,1.0,half-empty,1024,768
shelf_half-empty_meat_166.jpg,440,200,500,280,product,meat,1.0,half-empty,1024,768
shelf_half-empty_meat_166.jpg,600,200,660,280,product,meat,1.0,half-empty,1024,768
shelf_half-empty_meat_166.jpg,120,320,180,400,product,meat,1.0,half-empty,1024,768
shelf_half-empty_meat_166.jpg,280,320,340,400,product,meat,1.0,half-empty,1024,768
shelf_half-empty_meat_166.jpg,440,320,500,400,product,meat,1.0,half-empty,1024,768
shelf_half-empty_meat_166.jpg,600,320,660,400,product,meat,1.0,half-empty,1024,768
shelf_half-empty_meat_166.jpg,120,440,180,520,product,meat,1.0,half-empty,1024,768
shelf_half-empty_meat_166.jpg,280,440,340,520,product,meat,1.0,half-empty,1024,768
shelf_full_mixed_181.jpg,100,170,180,270,product,mixed,1.0,full,1024,768
shelf_full_mixed_181.jpg,240,170,320,270,product,mixed,1.0,full,1024,768
shelf_full_mixed_181.jpg,380,170,460,270,product,mixed,1.0,full,1024,768
shelf_full_mixed_181.jpg,520,170,600,270,product,mixed,1.0,full,1024,768
shelf_full_mixed_181.jpg,660,170,740,270,product,mixed,1.0,full,1024,768
shelf_full_mixed_181.jpg,800,170,880,270,product,mixed,1.0,full,1024,768
shelf_full_mixed_181.jpg,100,280,180,380,product,mixed,1.0,full,1024,768
shelf_full_mixed_181.jpg,240,280,320,380,product,mixed,1.0,full,1024,768
shelf_full_mixed_181.jpg,380,280,460,380,product,mixed,1.0,full,1024,768
shelf_full_mixed_181.jpg,520,280,600,380,product,mixed,1.0,full,1024,768
shelf_full_mixed_181.jpg,660,280,740,380,product,mixed,1.0,full,1024,768
shelf_full_mixed_181.jpg,800,280,880,380,product,mixed,1.0,full,1024,768
shelf_full_mixed_181.jpg,100,390,180,490,product,mixed,1.0,full,1024,768
shelf_full_mixed_181.jpg,240,390,320,490,product,mixed,1.0,full,1024,768
shelf_full_mixed_181.jpg,380,390,460,490,product,mixed,1.0,full,1024,768
shelf_full_mixed_181.jpg,520,390,600,490,product,mixed,1.0,full,1024,768
shelf_full_mixed_181.jpg,660,390,740,490,product,mixed,1.0,full,1024,768
shelf_full_mixed_181.jpg,800,390,880,490,product,mixed,1.0,full,1024,768
shelf_full_mixed_181.jpg,100,500,180,600,product,mixed,1.0,full,1024,768
shelf_full_mixed_181.jpg,240,500,320,600,product,mixed,1.0,full,1024,768
shelf_full_mixed_181.jpg,380,500,460,600,product,mixed,1.0,full,1024,768
shelf_full_mixed_181.jpg,520,500,600,600,product,mixed,1.0,full,1024,768
shelf_full_mixed_181.jpg,660,500,740,600,product,mixed,1.0,full,1024,768
shelf_full_mixed_181.jpg,800,500,880,600,product,mixed,1.0,full,1024,768
shelf_full_mixed_182.jpg,100,170,180,270,product,mixed,1.0,full,1024,768
shelf_full_mixed_182.jpg,240,170,320,270,product,mixed,1.0,full,1024,768
shelf_full_mixed_182.jpg,380,170,460,270,product,mixed,1.0,full,1024,768
shelf_full_mixed_182.jpg,520,170,600,270,product,mixed,1.0,full,1024,768
shelf_full_mixed_182.jpg,660,170,740,270,product,mixed,1.0,full,1024,768
shelf_full_mixed_182.jpg,800,170,880,270,product,mixed,1.0,full,1024,768
shelf_full_mixed_182.jpg,100,280,180,380,product,mixed,1.0,full,1024,768
shelf_full_mixed_182.jpg,240,280,320,380,product,mixed,1.0,full,1024,768
shelf_full_mixed_182.jpg,380,280,460,380,product,mixed,1.0,full,1024,768
shelf_full_mixed_182.jpg,520,280,600,380,product,mixed,1.0,full,1024,768
shelf_full_mixed_182.jpg,660,280,740,380,product,mixed,1.0,full,1024,768
shelf_full_mixed_182.jpg,800,280,880,380,product,mixed,1.0,full,1024,768
shelf_full_mixed_182.jpg,100,390,180,490,product,mixed,1.0,full,1024,768
shelf_full_mixed_182.jpg,240,390,320,490,product,mixed,1.0,full,1024,768
shelf_full_mixed_182.jpg,380,390,460,490,product,mixed,1.0,full,1024,768
shelf_full_mixed_182.jpg,520,390,600,490,product,mixed,1.0,full,1024,768
shelf_full_mixed_182.jpg,660,390,740,490,product,mixed,1.0,full,1024,768
shelf_full_mixed_182.jpg,800,390,880,490,product,mixed,1.0,full,1024,768
shelf_full_mixed_182.jpg,100,500,180,600,product,mixed,1.0,full,1024,768
shelf_full_mixed_182.jpg,240,500,320,600,product,mixed,1.0,full,1024,768
shelf_full_mixed_182.jpg,380,500,460,600,product,mixed,1.0,full,1024,768
shelf_full_mixed_182.jpg,520,500,600,600,product,mixed,1.0,full,1024,768
shelf_full_mixed_182.jpg,660,500,740,600,product,mixed,1.0,full,1024,768
shelf_full_mixed_182.jpg,800,500,880,600,product,mixed,1.0,full,1024,768
shelf_full_mixed_183.jpg,100,170,180,270,product,mixed,1.0,full,1024,768
shelf_full_mixed_183.jpg,240,170,320,270,product,mixed,1.0,full,1024,768
shelf_full_mixed_183.jpg,380,170,460,270,product,mixed,1.0,full,1024,768
shelf_full_mixed_183.jpg,520,170,600,270,product,mixed,1.0,full,1024,768
shelf_full_mixed_183.jpg,660,170,740,270,product,mixed,1.0,full,1024,768
shelf_full_mixed_183.jpg,800,170,880,270,product,mixed,1.0,full,1024,768
shelf_full_mixed_183.jpg,100,280,180,380,product,mixed,1.0,full,1024,768
shelf_full_mixed_183.jpg,240,280,320,380,product,mixed,1.0,full,1024,768
shelf_full_mixed_183.jpg,380,280,460,380,product,mixed,1.0,full,1024,768
shelf_full_mixed_183.jpg,520,280,600,380,product,mixed,1.0,full,1024,768
shelf_full_mixed_183.jpg,660,280,740,380,product,mixed,1.0,full,1024,768
shelf_full_mixed_183.jpg,800,280,880,380,product,mixed,1.0,full,1024,768
shelf_full_mixed_183.jpg,100,390,180,490,product,mixed,1.0,full,1024,768
shelf_full_mixed_183.jpg,240,390,320,490,product,mixed,1.0,full,1024,768
shelf_full_mixed_183.jpg,380,390,460,490,product,mixed,1.0,full,1024,768
shelf_full_mixed_183.jpg,520,390,600,490,product,mixed,1.0,full,1024,768
shelf_full_mixed_183.jpg,660,390,740,490,product,mixed,1.0,full,1024,768
shelf_full_mixed_183.jpg,800,390,880,490,product,mixed,1.0,full,1024,768
shelf_full_mixed_183.jpg,100,500,180,600,product,mixed,1.0,full,1024,768
shelf_full_mixed_183.jpg,240,500,320,600,product,mixed,1.0,full,1024,768
shelf_full_mixed_183.jpg,380,500,460,600,product,mixed,1.0,full,1024,768
shelf_full_mixed_183.jpg,520,500,600,600,product,mixed,1.0,full,1024,768
shelf_full_mixed_183.jpg,660,500,740,600,product,mixed,1.0,full,1024,768
shelf_full_mixed_183.jpg,800,500,880,600,product,mixed,1.0,full,1024,768
shelf_half-empty_mixed_184.jpg,120,200,180,280,product,mixed,1.0,half-empty,1024,768
shelf_half-empty_mixed_184.jpg,280,200,340,280,product,mixed,1.0,half-empty,1024,768
shelf_half-empty_mixed_184.jpg,440,200,500,280,product,mixed,1.0,half-empty,1024,768
shelf_half-empty_mixed_184.jpg,600,200,660,280,product,mixed,1.0,half-empty,1024,768
shelf_half-empty_mixed_184.jpg,120,320,180,400,product,mixed,1.0,half-empty,1024,768
shelf_half-empty_mixed_184.jpg,280,320,340,400,product,mixed,1.0,half-empty,1024,768
shelf_half-empty_mixed_184.jpg,440,320,500,400,product,mixed,1.0,half-empty,1024,768
shelf_half-empty_mixed_184.jpg,600,320,660,400,product,mixed,1.0,half-empty,1024,768
shelf_half-empty_mixed_184.jpg,120,440,180,520,product,mixed,1.0,half-empty,1024,768
shelf_half-empty_mixed_185.jpg,120,200,180,280,product,mixed,1.0,half-empty,1024,768
shelf_half-empty_mixed_185.jpg,280,200,340,280,product,mixed,1.0,half-empty,1024,768
shelf_half-empty_mixed_185.jpg,440,200,500,280,product,mixed,1.0,half-empty,1024,768
shelf_half-empty_mixed_185.jpg,600,200,660,280,product,mixed,1.0,half-empty,1024,768
shelf_half-empty_mixed_185.jpg,120,320,180,400,product,mixed,1.0,half-empty,1024,768
shelf_half-empty_mixed_185.jpg,280,320,340,400,product,mixed,1.0,half-empty,1024,768
shelf_half-empty_mixed_185.jpg,440,320,500,400,product,mixed,1.0,half-empty,1024,768
shelf_half-empty_mixed_185.jpg,600,320,660,400,product,mixed,1.0,half-empty,1024,768
shelf_half-empty_mixed_185.jpg,120,440,180,520,product,mixed,1.0,half-empty,1024,768
shelf_half-empty_mixed_185.jpg,280,440,340,520,product,mixed,1.0,half-empty,1024,768
shelf_half-empty_mixed_185.jpg,440,440,500,520,product,mixed,1.0,half-empty,1024,768
shelf_half-empty_mixed_185.jpg,600,440,660,520,product,mixed,1.0,half-empty,1024,768
shelf_half-empty_mixed_186.jpg,120,200,180,280,product,mixed,1.0,half-empty,1024,768
shelf_half-empty_mixed_186.jpg,280,200,340,280,product,mixed,1.0,half-empty,1024,768
shelf_half-empty_mixed_186.jpg,440,200,500,280,product,mixed,1.0,half-empty,1024,768
shelf_half-empty_mixed_186.jpg,600,200,660,280,product,mixed,1.0,half-empty,1024,768
shelf_half-empty_mixed_186.jpg,120,320,180,400,product,mixed,1.0,half-empty,1024,768
shelf_half-empty_mixed_186.jpg,280,320,340,400,product,mixed,1.0,half-empty,1024,768
shelf_half-empty_mixed_186.jpg,440,320,500,400,product,mixed,1.0,half-empty,1024,768
shelf_half-empty_mixed_186.jpg,600,320,660,400,product,mixed,1.0,half-empty,1024,768
shelf_half-empty_mixed_186.jpg,120,440,180,520,product,mixed,1.0,half-empty,1024,768
shelf_half-empty_mixed_186.jpg,280,440,340,520,product,mixed,1.0,half-empty,1024,768
shelf_half-empty_mixed_186.jpg,440,440,500,520,product,mixed,1.0,half-empty,1024,768
shelf_half-empty_mixed_186.jpg,600,440,660,520,product,mixed,1.0,half-empty,1024,768
